"","V1","V2","V3","V4","V5","V6","V7","V8","V9","V10","V11","V12","V13","V14","V15","V16","V17","V18","V19","V20","V21"
"1","1","none","0.52851587371552","0.399700085082288","0.464107979398904","0.572766721140289","0.428943668314164","0.500855194727227","0.490612130806312","0.374189417409952","0.432400774108132","-0.211734889538696","-0.215723435498675","-0.213729162518686","0.0394877826299865","0.0356840005463678","0.0375858915881772","-0.301404445551019","-0.325642853648066","-0.313523649599542","0"
"2","1","0","0.52851587371552","0.399700085082288","0.464107979398904","0.572766721140289","0.428943668314164","0.500855194727227","0.490612130806312","0.374189417409952","0.432400774108132","-0.211734889538696","-0.215723435498675","-0.213729162518686","0.0394877826299865","0.0356840005463678","0.0375858915881772","-0.301404445551019","-0.325642853648066","-0.313523649599542","0"
"3","1","0.05","0.52851587371552","0.399700085082288","0.464107979398904","0.572766721140289","0.428943668314164","0.500855194727227","0.490612130806312","0.374189417409952","0.432400774108132","-0.211734889538696","-0.215723435498675","-0.213729162518686","0.0394877826299865","0.0356840005463678","0.0375858915881772","-0.301404445551019","-0.325642853648066","-0.313523649599542","0"
"4","1","0.1","0.52851587371552","0.399700085082288","0.464107979398904","0.572766721140289","0.428943668314164","0.500855194727227","0.490612130806312","0.374189417409952","0.432400774108132","-0.211734889538696","-0.215723435498675","-0.213729162518686","0.0394877826299865","0.0356840005463678","0.0375858915881772","-0.301404445551019","-0.325642853648066","-0.313523649599542","0"
"5","1","0.15","0.52851587371552","0.399700085082288","0.464107979398904","0.572766721140289","0.428943668314164","0.500855194727227","0.490612130806312","0.374189417409952","0.432400774108132","-0.211734889538696","-0.215723435498675","-0.213729162518686","0.0394877826299865","0.0356840005463678","0.0375858915881772","-0.301404445551019","-0.325642853648066","-0.313523649599542","0"
"6","1","0.2","0.52851587371552","0.399700085082288","0.464107979398904","0.572766721140289","0.428943668314164","0.500855194727227","0.490612130806312","0.374189417409952","0.432400774108132","-0.211734889538696","-0.215723435498675","-0.213729162518686","0.0394877826299865","0.0356840005463678","0.0375858915881772","-0.301404445551019","-0.325642853648066","-0.313523649599542","0"
"7","1","0.25","0.41462756866048","0.399700085082288","0.407163826871384","0.602704476374689","0.428943668314164","0.515824072344427","0.31601387777729","0.374189417409952","0.345101647593621","-0.20450968307289","-0.215723435498675","-0.210116559285783","0.0411593703819776","0.0356840005463678","0.0384216854641727","-0.347070132436585","-0.325642853648066","-0.336356493042325","0"
"8","1","0.3","0.41462756866048","0.399700085082288","0.407163826871384","0.602704476374689","0.428943668314164","0.515824072344427","0.31601387777729","0.374189417409952","0.345101647593621","-0.204617958734764","-0.215723435498675","-0.21017069711672","0.0411593703819776","0.0356840005463678","0.0384216854641727","-0.337992836376447","-0.325642853648066","-0.331817845012257","0"
"9","1","0.35","0.41462756866048","0.399700085082288","0.407163826871384","0.602704476374689","0.428943668314164","0.515824072344427","0.31601387777729","0.374189417409952","0.345101647593621","-0.20675019707841","-0.215723435498675","-0.211236816288543","0.0411593703819776","0.0356840005463678","0.0384216854641727","-0.341705052540423","-0.325642853648066","-0.333673953094244","0"
"10","1","0.4","0.258477384897365","0.369224714460401","0.313851049678883","0.670454545454545","0.410927158659249","0.540690852056897","0.160100019834198","0.335206671993905","0.247653345914051","-0.250182370472927","-0.179309595125238","-0.214745982799082","0.0884014296772057","0.0322765921649451","0.0603390109210754","-0.396670764915613","-0.267206001459077","-0.331938383187345","0"
"11","1","0.45","0.258477384897365","0.369224714460401","0.313851049678883","0.670454545454545","0.410927158659249","0.540690852056897","0.160100019834198","0.335206671993905","0.247653345914051","-0.249279391161259","-0.179309595125238","-0.214294493143248","0.0884014762742397","0.0322765921649451","0.0603390342195924","-0.398658623840521","-0.267206001459077","-0.332932312649799","0"
"12","1","0.5","0.258477384897365","0.36327107022681","0.310874227562087","0.670454545454545","0.490749712347847","0.580602128901196","0.160100019834198","0.288364601735642","0.22423231078492","-0.246707788204385","-0.213455626906228","-0.230081707555307","0.0898198857518007","0.0397786014730331","0.0647992436124169","-0.39430173748853","-0.356001084666475","-0.375151411077502","0"
"13","1","0.55","0","0.226779064434203","0.113389532217102","0","0.359050445103858","0.179525222551929","0","0.165726657669127","0.0828633288345634","0","-0.192571063046716","-0.192571063046716","0","0.026005726429225","0.026005726429225","0","-0.327608624492054","-0.327608624492054","0"
"14","1","0.6","0","0.226779064434203","0.113389532217102","0","0.359050445103858","0.179525222551929","0","0.165726657669127","0.0828633288345634","0","-0.187916079198579","-0.187916079198579","0","0.0255808718228178","0.0255808718228178","0","-0.328090477500548","-0.328090477500548","0"
"15","1","0.65","0","0","0","0","0","0","0","0","0","0","0","0","0","0","0","0","0","0","0"
"16","1","0.7","0","0","0","0","0","0","0","0","0","0","0","0","0","0","0","0","0","0","0"
"17","1","0.75","0","0","0","0","0","0","0","0","0","0","0","0","0","0","0","0","0","0","0"
"18","1","0.8","0","0","0","0","0","0","0","0","0","0","0","0","0","0","0","0","0","0","0"
"19","1","0.85","0","0","0","0","0","0","0","0","0","0","0","0","0","0","0","0","0","0","0"
"20","1","0.9","0","0","0","0","0","0","0","0","0","0","0","0","0","0","0","0","0","0","0"
"21","1","0.95","0","0","0","0","0","0","0","0","0","0","0","0","0","0","0","0","0","0","0"
"22","1","1","0","0","0","0","0","0","0","0","0","0","0","0","0","0","0","0","0","0","0"
"23","2","none","0.614452475219443","0.54985314250751","0.582152808863477","0.556320156615682","0.476860009275199","0.51659008294544","0.686151429571419","0.649231195202759","0.667691312387089","-0.216880635738281","-0.218740480265725","-0.217810558002003","0.0352419017474097","0.0358193447610312","0.0355306232542204","-0.308968852703178","-0.318791477798483","-0.31388016525083","0"
"24","2","0","0.614452475219443","0.54985314250751","0.582152808863477","0.556320156615682","0.476860009275199","0.51659008294544","0.686151429571419","0.649231195202759","0.667691312387089","-0.216880635738281","-0.218740480265725","-0.217810558002003","0.0352419017474097","0.0358193447610312","0.0355306232542204","-0.308968852703178","-0.318791477798483","-0.31388016525083","0"
"25","2","0.05","0.614452475219443","0.54985314250751","0.582152808863477","0.556320156615682","0.476860009275199","0.51659008294544","0.686151429571419","0.649231195202759","0.667691312387089","-0.216880635738281","-0.218740480265725","-0.217810558002003","0.0352419017474097","0.0358193447610312","0.0355306232542204","-0.308968852703178","-0.318791477798483","-0.31388016525083","0"
"26","2","0.1","0.614452475219443","0.54985314250751","0.582152808863477","0.556320156615682","0.476860009275199","0.51659008294544","0.686151429571419","0.649231195202759","0.667691312387089","-0.216880635738281","-0.218740480265725","-0.217810558002003","0.0352419017474097","0.0358193447610312","0.0355306232542204","-0.308968852703178","-0.318791477798483","-0.31388016525083","0"
"27","2","0.15","0.614452475219443","0.577559029040365","0.596005752129904","0.556320156615682","0.52013814724619","0.538229151930936","0.686151429571419","0.649231195202759","0.667691312387089","-0.216880635738281","-0.222152537990357","-0.219516586864319","0.0352419017474097","0.037929075182455","0.0365854884649324","-0.308968852703178","-0.323241969709351","-0.316105411206265","0"
"28","2","0.2","0.626238902958692","0.577559029040365","0.601898965999528","0.575948904858077","0.52013814724619","0.548043526052133","0.686151429571419","0.649231195202759","0.667691312387089","-0.216551592506651","-0.222152537990357","-0.219352065248504","0.0392173083702774","0.037929075182455","0.0385731917763662","-0.308193708810876","-0.323241969709351","-0.315717839260114","0"
"29","2","0.25","0.626238902958692","0.577559029040365","0.601898965999528","0.575948904858077","0.52013814724619","0.548043526052133","0.686151429571419","0.649231195202759","0.667691312387089","-0.216551592506651","-0.222152537990357","-0.219352065248504","0.0392173083702774","0.037929075182455","0.0385731917763662","-0.308193708810876","-0.323241969709351","-0.315717839260114","0"
"30","2","0.3","0.635590685268505","0.577559029040365","0.606574857154435","0.599023722334423","0.52013814724619","0.559580934790306","0.676912299136637","0.649231195202759","0.663071747169698","-0.218110251743689","-0.222152537990357","-0.220131394867023","0.0451687618282735","0.037929075182455","0.0415489185053643","-0.308450852702447","-0.323241969709351","-0.315846411205899","0"
"31","2","0.35","0.635590685268505","0.611583669516988","0.623587177392747","0.599023722334423","0.578063033039336","0.58854337768688","0.676912299136637","0.649231195202759","0.663071747169698","-0.218110251743689","-0.230150737835723","-0.224130494789706","0.0451687618282735","0.0423974516522258","0.0437831067402496","-0.308450852702447","-0.33487400772371","-0.321662430213078","0"
"32","2","0.4","0.676912299136637","0.611583669516988","0.644247984326812","0.676912299136637","0.578063033039336","0.627487666087986","0.676912299136637","0.649231195202759","0.663071747169698","-0.217247949339296","-0.230150737835723","-0.22369934358751","0.0505714955740059","0.0423974516522258","0.0464844736131158","-0.304977289167185","-0.33487400772371","-0.319925648445447","0"
"33","2","0.45","0.676912299136637","0.625567706822985","0.651240002979811","0.676912299136637","0.696008690973146","0.686460495054891","0.676912299136637","0.56807455841232","0.622493428774478","-0.217247949339296","-0.218183381451123","-0.21771566539521","0.0505714955740059","0.0484102500279452","0.0494908728009755","-0.304977289167185","-0.320906647947163","-0.312941968557174","0"
"34","2","0.5","0.624511621860976","0.625567706822985","0.625039664341981","0.698082121493611","0.696008690973146","0.697045406233379","0.564969762235539","0.56807455841232","0.566522160323929","-0.218345246049942","-0.218183381451123","-0.218264313750532","0.0504380710548374","0.0484102500279452","0.0494241605413913","-0.306241136194402","-0.320906647947163","-0.313573892070783","0"
"35","2","0.55","0.624511621860976","0.521833513985062","0.573172567923019","0.698082121493611","0.678011587964195","0.688046854728903","0.564969762235539","0.424135164472926","0.494552463354233","-0.218345246049942","-0.230992317306762","-0.224668781678352","0.0504380710548374","0.0534281248669273","0.0519330979608824","-0.306241136194402","-0.338726372732907","-0.322483754463655","0"
"36","2","0.6","0.60359175590414","0.489231705283319","0.546411730593729","0.800341379382786","0.836837201766112","0.818589290574449","0.484488835139486","0.345653944990187","0.415071390064836","-0.202064418331015","-0.225380396098068","-0.213722407214542","0.0417307418938441","0.0530584136613972","0.0473945777776207","-0.283371106723671","-0.338775822241427","-0.311073464482549","0"
"37","2","0.65","0.292886732527847","0.287787133246257","0.290336932887052","0.798449612403101","0.81042654028436","0.80443807634373","0.1793351669939","0.174957834009318","0.177146500501609","-0.207573063067119","-0.197823788625911","-0.202698425846515","0.0556035940310145","0.0421705822895681","0.0488870881602913","-0.339691783478018","-0.33086967958426","-0.335280731531139","0"
"38","2","0.7","0","0","0","0","0","0","0","0","0","0","0","0","0","0","0","0","0","0","0"
"39","2","0.75","0","0","0","0","0","0","0","0","0","0","0","0","0","0","0","0","0","0","0"
"40","2","0.8","0","0","0","0","0","0","0","0","0","0","0","0","0","0","0","0","0","0","0"
"41","2","0.85","0","0","0","0","0","0","0","0","0","0","0","0","0","0","0","0","0","0","0"
"42","2","0.9","0","0","0","0","0","0","0","0","0","0","0","0","0","0","0","0","0","0","0"
"43","2","0.95","0","0","0","0","0","0","0","0","0","0","0","0","0","0","0","0","0","0","0"
"44","2","1","0","0","0","0","0","0","0","0","0","0","0","0","0","0","0","0","0","0","0"
"45","3","none","0.561334036937608","0.414149245797098","0.487741641367353","0.60984327741742","0.445169751143565","0.527506514280492","0.519973387366035","0.387170283673472","0.453571835519754","-0.217411384247301","-0.216141411540918","-0.21677639789411","0.0421137734279963","0.0357566850143016","0.038935229221149","-0.311449631859876","-0.329880198491959","-0.320664915175918","0"
"46","3","0","0.561334036937608","0.414149245797098","0.487741641367353","0.60984327741742","0.445169751143565","0.527506514280492","0.519973387366035","0.387170283673472","0.453571835519754","-0.217411384247301","-0.216141411540918","-0.21677639789411","0.0421137734279963","0.0357566850143016","0.038935229221149","-0.311449631859876","-0.329880198491959","-0.320664915175918","0"
"47","3","0.05","0.561334036937608","0.414149245797098","0.487741641367353","0.60984327741742","0.445169751143565","0.527506514280492","0.519973387366035","0.387170283673472","0.453571835519754","-0.217411384247301","-0.216141411540918","-0.21677639789411","0.0421137734279963","0.0357566850143016","0.038935229221149","-0.311449631859876","-0.329880198491959","-0.320664915175918","0"
"48","3","0.1","0.561334036937608","0.414149245797098","0.487741641367353","0.60984327741742","0.445169751143565","0.527506514280492","0.519973387366035","0.387170283673472","0.453571835519754","-0.217411384247301","-0.216141411540918","-0.21677639789411","0.0421137734279963","0.0357566850143016","0.038935229221149","-0.311449631859876","-0.329880198491959","-0.320664915175918","0"
"49","3","0.15","0.561334036937608","0.414149245797098","0.487741641367353","0.60984327741742","0.445169751143565","0.527506514280492","0.519973387366035","0.387170283673472","0.453571835519754","-0.217411384247301","-0.216141411540918","-0.21677639789411","0.0421137734279963","0.0357566850143016","0.038935229221149","-0.311449631859876","-0.329880198491959","-0.320664915175918","0"
"50","3","0.2","0.561334036937608","0.414149245797098","0.487741641367353","0.60984327741742","0.445169751143565","0.527506514280492","0.519973387366035","0.387170283673472","0.453571835519754","-0.217411384247301","-0.216141411540918","-0.21677639789411","0.0421137734279963","0.0357566850143016","0.038935229221149","-0.311449631859876","-0.329880198491959","-0.320664915175918","0"
"51","3","0.25","0.458030294396426","0.414149245797098","0.436089770096762","0.573031129796653","0.445169751143565","0.509100440470109","0.381472998865646","0.387170283673472","0.384321641269559","-0.212744463972741","-0.216141411540918","-0.21444293775683","0.0434533785175015","0.0357566850143016","0.0396050317659016","-0.305772687541567","-0.329880198491959","-0.317826443016763","0"
"52","3","0.3","0.422812457442075","0.414149245797098","0.418480851619586","0.612925073073359","0.445169751143565","0.529047412108462","0.322715060599511","0.387170283673472","0.354942672136492","-0.205189155487656","-0.216141411540918","-0.210665283514287","0.0428088263492213","0.0357566850143016","0.0392827556817614","-0.342731962626224","-0.329880198491959","-0.336306080559091","0"
"53","3","0.35","0.422812457442075","0.380896459705552","0.401854458573813","0.612925073073359","0.426893001524753","0.519909037299056","0.322715060599511","0.34384780810344","0.333281434351476","-0.206910529853427","-0.181406328378105","-0.194158429115766","0.0428088263492213","0.0336874608185151","0.0382481435838682","-0.33646923435527","-0.272128235884432","-0.304298735119851","0"
"54","3","0.4","0.270258435531876","0.376820209725906","0.323539322628891","0.72289156626506","0.514698476646103","0.618795021455582","0.166196035061503","0.29720456609512","0.231700300578311","-0.253460451411124","-0.213209538795643","-0.233334995103384","0.0913023993927441","0.0411472956684252","0.0662248475305847","-0.40751768028612","-0.34752829023168","-0.3775229852589","0"
"55","3","0.45","0.270258435531876","0.376820209725906","0.323539322628891","0.72289156626506","0.514698476646103","0.618795021455582","0.166196035061503","0.29720456609512","0.231700300578311","-0.253332235208761","-0.215166448148188","-0.234249341678474","0.0923684872863264","0.0411472956684252","0.0667578914773758","-0.398492222461091","-0.356838563691708","-0.3776653930764","0"
"56","3","0.5","0.270258435531876","0.263303013869923","0.2667807247009","0.72289156626506","0.659574468085106","0.691233017175083","0.166196035061503","0.16448228065332","0.165339157857411","-0.259159931737488","-0.251683531736306","-0.255421731736897","0.0902952473217092","0.0883340654275431","0.0893146563746262","-0.397595857002903","-0.397150160797307","-0.397373008900105","0"
"57","3","0.55","0.270258435531876","0.263303013869923","0.2667807247009","0.72289156626506","0.659574468085106","0.691233017175083","0.166196035061503","0.16448228065332","0.165339157857411","-0.254505054602339","-0.251738857727863","-0.253121956165101","0.0906946223934991","0.0868866228810805","0.0887906226372898","-0.398610354289981","-0.394387166896643","-0.396498760593312","0"
"58","3","0.6","0.270258435531876","0.263303013869923","0.2667807247009","0.72289156626506","0.659574468085106","0.691233017175083","0.166196035061503","0.16448228065332","0.165339157857411","-0.256194664659592","-0.257118090795888","-0.25665637772774","0.0906669442989636","0.0888731689091241","0.0897700566040438","-0.403508733781908","-0.395890824871053","-0.39969977932648","0"
"59","3","0.65","0.270258435531876","0","0.135129217765938","0.72289156626506","0","0.36144578313253","0.166196035061503","0","0.0830980175307513","-0.253486482700612","0","-0.253486482700612","0.0910907828437144","0","0.0910907828437144","-0.401905867706794","0","-0.401905867706794","0"
"60","3","0.7","0","0","0","0","0","0","0","0","0","0","0","0","0","0","0","0","0","0","0"
"61","3","0.75","0","0","0","0","0","0","0","0","0","0","0","0","0","0","0","0","0","0","0"
"62","3","0.8","0","0","0","0","0","0","0","0","0","0","0","0","0","0","0","0","0","0","0"
"63","3","0.85","0","0","0","0","0","0","0","0","0","0","0","0","0","0","0","0","0","0","0"
"64","3","0.9","0","0","0","0","0","0","0","0","0","0","0","0","0","0","0","0","0","0","0"
"65","3","0.95","0","0","0","0","0","0","0","0","0","0","0","0","0","0","0","0","0","0","0"
"66","3","1","0","0","0","0","0","0","0","0","0","0","0","0","0","0","0","0","0","0","0"
"67","4","none","0.688535951656549","0.513386370998243","0.600961161327396","0.649676789178843","0.474433101020775","0.562054945099809","0.732339419741884","0.559308309252734","0.645823864497309","-0.215896768011302","-0.200360999295365","-0.208128883653334","0.0402290850170815","0.0367143691013391","0.0384717270592103","-0.306684723194229","-0.294422132234397","-0.300553427714313","0"
"68","4","0","0.688535951656549","0.513386370998243","0.600961161327396","0.649676789178843","0.474433101020775","0.562054945099809","0.732339419741884","0.559308309252734","0.645823864497309","-0.215896768011302","-0.200360999295365","-0.208128883653334","0.0402290850170815","0.0367143691013391","0.0384717270592103","-0.306684723194229","-0.294422132234397","-0.300553427714313","0"
"69","4","0.05","0.688535951656549","0.513386370998243","0.600961161327396","0.649676789178843","0.474433101020775","0.562054945099809","0.732339419741884","0.559308309252734","0.645823864497309","-0.215896768011302","-0.200360999295365","-0.208128883653334","0.0402290850170815","0.0367143691013391","0.0384717270592103","-0.306684723194229","-0.294422132234397","-0.300553427714313","0"
"70","4","0.1","0.688535951656549","0.513386370998243","0.600961161327396","0.649676789178843","0.474433101020775","0.562054945099809","0.732339419741884","0.559308309252734","0.645823864497309","-0.215896768011302","-0.200360999295365","-0.208128883653334","0.0402290850170815","0.0367143691013391","0.0384717270592103","-0.306684723194229","-0.294422132234397","-0.300553427714313","0"
"71","4","0.15","0.688535951656549","0.470134452083569","0.579335201870059","0.649676789178843","0.465929890716456","0.557803339947649","0.732339419741884","0.474415588570849","0.603377504156367","-0.215896768011302","-0.200658113785598","-0.20827744089845","0.0402290850170815","0.0381130468490065","0.039171065933044","-0.306684723194229","-0.298647754665668","-0.302666238929948","0"
"72","4","0.2","0.732339419741884","0.470134452083569","0.601236935912726","0.732339419741884","0.465929890716456","0.59913465522917","0.732339419741884","0.474415588570849","0.603377504156367","-0.211363619916368","-0.200658113785598","-0.206010866850983","0.0434792644417633","0.0381130468490065","0.0407961556453849","-0.30115622862846","-0.298647754665668","-0.299901991647064","0"
"73","4","0.25","0.732339419741884","0.470134452083569","0.601236935912726","0.732339419741884","0.465929890716456","0.59913465522917","0.732339419741884","0.474415588570849","0.603377504156367","-0.211363619916368","-0.200658113785598","-0.206010866850983","0.0434792644417633","0.0381130468490065","0.0407961556453849","-0.30115622862846","-0.298647754665668","-0.299901991647064","0"
"74","4","0.3","0.702495169641884","0.424611931824968","0.563553550733426","0.788340941344022","0.5330882663184","0.660714603831211","0.633509632507842","0.352818154724013","0.493163893615927","-0.21136795645654","-0.180119122246893","-0.195743539351716","0.0471039236531827","0.0398399897602324","0.0434719567067076","-0.301967210341437","-0.25586778744191","-0.278917498891673","0"
"75","4","0.35","0.702495169641884","0.416878564804583","0.559686867223233","0.788340941344022","0.685875785720987","0.737108363532504","0.633509632507842","0.299439727794253","0.466474680151047","-0.21136795645654","-0.214115992179935","-0.212741974318237","0.0471039236531827","0.047132108424111","0.0471180160386468","-0.301967210341437","-0.353448078511248","-0.327707644426342","0"
"76","4","0.4","0.702495169641884","0.416878564804583","0.559686867223233","0.788340941344022","0.685875785720987","0.737108363532504","0.633509632507842","0.299439727794253","0.466474680151047","-0.21136795645654","-0.218931746364751","-0.215149851410646","0.0471039236531827","0.047132108424111","0.0471180160386468","-0.301967210341437","-0.346608375084703","-0.32428779271307","0"
"77","4","0.45","0.702495169641884","0.229383131939754","0.465939150790819","0.788340941344022","0.53921568627451","0.663778313809266","0.633509632507842","0.145677214783385","0.389593423645613","-0.21136795645654","-0.247001972090302","-0.229184964273421","0.0471039236531827","0.0877268332951399","0.0674153784741613","-0.301967210341437","-0.390923653143208","-0.346445431742322","0"
"78","4","0.5","0.598312941735959","0.229383131939754","0.413848036837856","0.788755663727513","0.53921568627451","0.663985675001011","0.481948018254906","0.145677214783385","0.313812616519145","-0.212387984154208","-0.247656423224679","-0.230022203689443","0.0507921471672605","0.0871132247798804","0.0689526859735704","-0.308603476142967","-0.385558041039194","-0.347080758591081","0"
"79","4","0.55","0.598312941735959","0","0.29915647086798","0.788755663727513","0","0.394377831863756","0.481948018254906","0","0.240974009127453","-0.212387984154208","0","-0.212387984154208","0.0507921471672605","0","0.0507921471672605","-0.308603476142967","0","-0.308603476142967","0"
"80","4","0.6","0.299129500825254","0","0.149564750412627","0.83739837398374","0","0.41869918699187","0.182086589705467","0","0.0910432948527334","-0.207055314959649","0","-0.207055314959649","0.0575188005454041","0","0.0575188005454041","-0.339137763782073","0","-0.339137763782073","0"
"81","4","0.65","0","0","0","0","0","0","0","0","0","0","0","0","0","0","0","0","0","0","0"
"82","4","0.7","0","0","0","0","0","0","0","0","0","0","0","0","0","0","0","0","0","0","0"
"83","4","0.75","0","0","0","0","0","0","0","0","0","0","0","0","0","0","0","0","0","0","0"
"84","4","0.8","0","0","0","0","0","0","0","0","0","0","0","0","0","0","0","0","0","0","0"
"85","4","0.85","0","0","0","0","0","0","0","0","0","0","0","0","0","0","0","0","0","0","0"
"86","4","0.9","0","0","0","0","0","0","0","0","0","0","0","0","0","0","0","0","0","0","0"
"87","4","0.95","0","0","0","0","0","0","0","0","0","0","0","0","0","0","0","0","0","0","0"
"88","4","1","0","0","0","0","0","0","0","0","0","0","0","0","0","0","0","0","0","0","0"
"89","5","none","0.559399676230832","0.413466645509432","0.486433160870132","0.608200353032476","0.444629824353923","0.5264150886932","0.517848625984263","0.386385677664957","0.45211715182461","-0.218651396481151","-0.215984981740069","-0.21731818911061","0.0415263947343107","0.0358737966620151","0.0387000956981629","-0.314188080981805","-0.329888790623287","-0.322038435802546","0"
"90","5","0","0.559399676230832","0.413466645509432","0.486433160870132","0.608200353032476","0.444629824353923","0.5264150886932","0.517848625984263","0.386385677664957","0.45211715182461","-0.218651396481151","-0.215984981740069","-0.21731818911061","0.0415263947343107","0.0358737966620151","0.0387000956981629","-0.314188080981805","-0.329888790623287","-0.322038435802546","0"
"91","5","0.05","0.559399676230832","0.413466645509432","0.486433160870132","0.608200353032476","0.444629824353923","0.5264150886932","0.517848625984263","0.386385677664957","0.45211715182461","-0.218651396481151","-0.215984981740069","-0.21731818911061","0.0415263947343107","0.0358737966620151","0.0387000956981629","-0.314188080981805","-0.329888790623287","-0.322038435802546","0"
"92","5","0.1","0.559399676230832","0.413466645509432","0.486433160870132","0.608200353032476","0.444629824353923","0.5264150886932","0.517848625984263","0.386385677664957","0.45211715182461","-0.218651396481151","-0.215984981740069","-0.21731818911061","0.0415263947343107","0.0358737966620151","0.0387000956981629","-0.314188080981805","-0.329888790623287","-0.322038435802546","0"
"93","5","0.15","0.559399676230832","0.413466645509432","0.486433160870132","0.608200353032476","0.444629824353923","0.5264150886932","0.517848625984263","0.386385677664957","0.45211715182461","-0.218651396481151","-0.215984981740069","-0.21731818911061","0.0415263947343107","0.0358737966620151","0.0387000956981629","-0.314188080981805","-0.329888790623287","-0.322038435802546","0"
"94","5","0.2","0.559399676230832","0.413466645509432","0.486433160870132","0.608200353032476","0.444629824353923","0.5264150886932","0.517848625984263","0.386385677664957","0.45211715182461","-0.218651396481151","-0.215984981740069","-0.21731818911061","0.0415263947343107","0.0358737966620151","0.0387000956981629","-0.314188080981805","-0.329888790623287","-0.322038435802546","0"
"95","5","0.25","0.559399676230832","0.413466645509432","0.486433160870132","0.608200353032476","0.444629824353923","0.5264150886932","0.517848625984263","0.386385677664957","0.45211715182461","-0.218651396481151","-0.215984981740069","-0.21731818911061","0.0415263947343107","0.0358737966620151","0.0387000956981629","-0.314188080981805","-0.329888790623287","-0.322038435802546","0"
"96","5","0.3","0.559399676230832","0.404955409339338","0.482177542785085","0.608200353032476","0.505660278625744","0.55693031582911","0.517848625984263","0.337700584907626","0.427774605445944","-0.218651396481151","-0.219963165753236","-0.219307281117194","0.0415263947343107","0.0415121127689073","0.041519253751609","-0.314188080981805","-0.325752135317221","-0.319970108149513","0"
"97","5","0.35","0.462185748359107","0.404955409339338","0.433570578849222","0.575639686396242","0.505660278625744","0.540649982510993","0.386090437944504","0.337700584907626","0.361895511426065","-0.197884729751858","-0.219963165753236","-0.208923947752547","0.0341147964211546","0.0415121127689073","0.0378134545950309","-0.273541336742597","-0.325752135317221","-0.299646736029909","0"
"98","5","0.4","0.321821588773539","0.285204909220702","0.303513248997121","0.492955932472061","0.428703183896062","0.460829558184062","0.238888999095583","0.21368042813271","0.226284713614147","-0.200062501691512","-0.217347465570427","-0.208704983630969","0.0317158000204632","0.0334149093967586","0.0325653547086109","-0.33803102713275","-0.345690652237673","-0.341860839685211","0"
"99","5","0.45","0.267386865108846","0","0.133693432554423","0.49266862170088","0","0.24633431085044","0.183484990435299","0","0.0917424952176495","-0.179272820000093","0","-0.179272820000093","0.0261239433009771","0","0.0261239433009771","-0.307732717401067","0","-0.307732717401067","0"
"100","5","0.5","0","0","0","0","0","0","0","0","0","0","0","0","0","0","0","0","0","0","0"
"101","5","0.55","0","0","0","0","0","0","0","0","0","0","0","0","0","0","0","0","0","0","0"
"102","5","0.6","0","0","0","0","0","0","0","0","0","0","0","0","0","0","0","0","0","0","0"
"103","5","0.65","0","0","0","0","0","0","0","0","0","0","0","0","0","0","0","0","0","0","0"
"104","5","0.7","0","0","0","0","0","0","0","0","0","0","0","0","0","0","0","0","0","0","0"
"105","5","0.75","0","0","0","0","0","0","0","0","0","0","0","0","0","0","0","0","0","0","0"
"106","5","0.8","0","0","0","0","0","0","0","0","0","0","0","0","0","0","0","0","0","0","0"
"107","5","0.85","0","0","0","0","0","0","0","0","0","0","0","0","0","0","0","0","0","0","0"
"108","5","0.9","0","0","0","0","0","0","0","0","0","0","0","0","0","0","0","0","0","0","0"
"109","5","0.95","0","0","0","0","0","0","0","0","0","0","0","0","0","0","0","0","0","0","0"
"110","5","1","0","0","0","0","0","0","0","0","0","0","0","0","0","0","0","0","0","0","0"
