"","V1","V2","V3","V4","V5","V6","V7","V8","V9","V10","V11","V12","V13","V14","V15","V16","V17","V18","V19","V20","V21"
"1",1,0,0.581767846299351,0.433893662525133,0.507830754412242,0.510615723729466,0.384121524937904,0.447368624333685,0.675959986439936,0.498484225231256,0.587222105835596,0.0750307097252832,0.153948792321215,0.114489751023249,0.0286744079203378,0.0935452281494343,0.0611098180348861,0.119363681182155,0.222097820799884,0.17073075099102,9
"2",2,0,0.637261694576965,0.451117356073241,0.544189525325103,0.583201639112003,0.418497158567566,0.500849398839784,0.702367903612893,0.489252665351235,0.595810284482064,0.0541936345941127,0.192114792245329,0.123154213419721,0.0202883893140639,0.106540451979664,0.063414420646864,0.0627474701700626,0.2441896894121,0.153468579791081,7
"3",3,0,0.556507546408486,0.48845882982981,0.522483188119148,0.47697033195314,0.41500101399281,0.445985672972975,0.667879895908163,0.593514702584229,0.630697299246196,0.0487359415625759,0.174809575980916,0.111772758771746,0.0294789619563717,0.0913332867784733,0.0604061243674225,0.101762021142403,0.228764098568974,0.165263059855688,10
"4",4,0,0.638525647975879,0.446003937301203,0.542264792638541,0.584278976549479,0.414551775718772,0.499415376134126,0.70387617602536,0.482620491807586,0.593248333916473,0.0541722003077461,0.136183827968003,0.0951780141378746,0.0212972760206899,0.0529036441510974,0.0371004600858937,0.0638744653844287,0.156743388545797,0.110308926965113,7
"5",5,0,0.669465694714567,0.472305351781032,0.5708855232478,0.6436747529997,0.448820514213164,0.546247633606432,0.69740970359964,0.498383612030671,0.597896657815156,0.0799140366745544,0.137473835391186,0.10869393603287,0.0357367655204185,0.0647426497255132,0.0502397076229659,0.0891714939197755,0.160375946896229,0.124773720408002,6
"6",1,50,0.61292676198464,0.449957811376168,0.531442286680404,0.551955530721696,0.400901090408463,0.476428310565079,0.689041007172134,0.512694227579175,0.600867617375655,0.0605911210375534,0.210589967037693,0.135590544037623,0.0329766721786146,0.0992402059879985,0.0661084390833066,0.0601154018930724,0.273213644708273,0.166664523300673,8
"7",2,50,0.635399774685785,0.517069085054292,0.576234429870039,0.581822353326921,0.474948219193894,0.528385286260408,0.699845412304749,0.567387987971108,0.633616700137928,0.0577873777255423,0.159430175029003,0.108608776377273,0.0299018960128563,0.0702838468905056,0.0500928714516809,0.0658223629574875,0.182940398885782,0.124381380921635,7
"8",3,50,0.634018374704397,0.518475246845233,0.576246810774815,0.580437289387752,0.475675133968267,0.52805621167801,0.698497813998942,0.569739001988563,0.634118407993753,0.0586034024940887,0.158981005159218,0.108792203826653,0.0300094197533294,0.0695808315194234,0.0497951256363764,0.0663764216010912,0.182246193470263,0.124311307535677,7
"9",4,50,0.583355964047439,0.472469421512023,0.527912692779731,0.510996144308683,0.417857891651596,0.46442701798014,0.679589517990762,0.543501868454674,0.611545693222718,0.0758956717209923,0.158558714146965,0.117227192933979,0.0287477310919864,0.0717857494753692,0.0502667402836778,0.119630726399966,0.190685421192478,0.155158073796222,9
"10",5,50,0.551390191145062,0.490883616900834,0.521136904022948,0.472668632369134,0.418489767216049,0.445579199792592,0.661573254430153,0.593563114041774,0.627568184235963,0.042450193724087,0.181410568206122,0.111930380965105,0.0209692688687136,0.0916906435903171,0.0563299562295154,0.0984269515306044,0.236644268991445,0.167535610261025,10
"11",1,100,0.609815926392428,0.498717620068679,0.554266773230553,0.539369454860469,0.441854750343714,0.490612102602092,0.701428796363963,0.572377654181431,0.636903225272697,0.0655244636750371,0.179148633858265,0.122336548766651,0.0327624656360091,0.0760739713905079,0.0544182185132585,0.11776605269084,0.191099149752189,0.154432601221514,8
"12",2,100,0.627431743831354,0.49722468615576,0.562328214993557,0.575003294745494,0.455782081811216,0.515392688278355,0.690380187503171,0.546957543050505,0.618668865276838,0.0682924334330678,0.161330481979665,0.114811457706366,0.025783855464423,0.0733374502863031,0.049560652875363,0.0779691273577845,0.167956789910766,0.122962958634275,7
"13",3,100,0.547954887433674,0.494905005158993,0.521429946296334,0.522458293409836,0.453280247765076,0.487869270587456,0.576067684306221,0.54494758021175,0.560507632258986,0.0677531058749623,0.335016153197618,0.20138462953629,0.0360321158863838,0.147335834120454,0.0916839750034189,0.082388256842227,0.383893799524789,0.233141028183508,7
"14",4,100,0.668546800394558,0.431906418793952,0.550226609594255,0.642834625874902,0.414724701673971,0.528779663774437,0.696401551049883,0.450573315704098,0.57348743337699,0.0625460717534208,0.100653240948006,0.0815996563507134,0.0212466628762771,0.056989069914355,0.0391178663953161,0.0702350626351792,0.143629342371378,0.106932202503279,6
"15",5,100,0.579964084262875,0.46656058932828,0.523262336795578,0.508932831191647,0.414939093625466,0.461935962408556,0.674039049277436,0.532851227587536,0.603445138432486,0.0403399618927627,0.159223831148507,0.0997818965206348,0.0211469563124392,0.0685455926193432,0.0448462744658912,0.0923438775724297,0.188511939593078,0.140427908582754,9
"16",1,150,0.644390848506281,0.457367631814784,0.550879240160533,0.587989722262479,0.422402707468504,0.505196214865491,0.712760203810655,0.498643483942496,0.605701843876575,0.197480314242769,0.211910580282965,0.204695447262867,0.0647510435982356,0.0990747493342775,0.0819128964662566,0.217692978709911,0.2803720847629,0.249032531736406,7
"17",2,150,0.582453802885467,0.45599349245921,0.519223647672339,0.53446142311425,0.405612031468839,0.470036727291545,0.639915514971343,0.52066590598841,0.580290710479877,0.0582601668494329,0.195728752644596,0.126994459747015,0.0210804732434682,0.0971138829868595,0.0590971781151638,0.0656188941923194,0.262332696062792,0.163975795127556,8
"18",3,150,0.554706119137165,0.458130219392698,0.506418169264931,0.481162723811311,0.403406950963095,0.442284837387203,0.654787171625407,0.530030294524923,0.592408733075165,0.0698163321014781,0.168851984794134,0.119334158447806,0.0322992664702675,0.0760752687650973,0.0541872676176824,0.110403947944561,0.19648600066906,0.15344497430681,10
"19",4,150,0.631641210983445,0.5240130834463,0.577827147214873,0.578016001366428,0.480863714422289,0.529439857894359,0.696234054478531,0.575669681290861,0.635951867884696,0.0620120329513181,0.152942693352196,0.107477363151757,0.0220923086576181,0.0606950154037902,0.0413936620307042,0.0901047372583448,0.169398163305327,0.129751450281836,7
"20",5,150,0.645995780092553,0.457436201404282,0.551715990748417,0.59094596665953,0.422735548972978,0.506840757816254,0.712355553265964,0.498343178523855,0.605349365894909,0.187501215065973,0.192697828240131,0.190099521653052,0.0595013678559998,0.10051144250836,0.0800064051821802,0.207543054538147,0.254071582506291,0.230807318522219,7
"21",1,200,0.599884868629862,0.45741331794976,0.528649093289811,0.528652736978554,0.407879164446541,0.468265950712547,0.693302343575705,0.520641717435763,0.606972030505734,0.0543771045046049,0.208280652233409,0.131328878369007,0.00890169039293925,0.10449162894497,0.0566966596689548,0.0599259118212801,0.273568989492705,0.166747450656992,8
"22",2,200,0.636175249288806,0.454848155127759,0.545511702208283,0.581936366719408,0.420197990964854,0.501067178842131,0.701563915477565,0.495726516121524,0.598645215799545,0.188944512483684,0.142919260290385,0.165931886387034,0.0606805925356625,0.0773591207493717,0.0690198566425171,0.210876925533702,0.197363396942208,0.204120161237955,7
"23",3,200,0.576801677103141,0.455286048239877,0.516043862671509,0.528158832854644,0.40399622506105,0.466077528957847,0.63531333220594,0.521492787855018,0.578403060030479,0.0292440841549591,0.213147526415848,0.121195805285403,0.0103327447756759,0.104471477483309,0.0574021111294926,0.038370491613269,0.288298913236461,0.163334702424865,8
"24",4,200,0.592343781813766,0.460597197716748,0.526470489765257,0.545470222528726,0.409762737677021,0.477616480102873,0.648030599277287,0.525830870571588,0.586930734924438,0.0311723533314541,0.219327867281479,0.125250110306467,0.000486307182428306,0.110539065630395,0.0555126864064116,0.0379236256803444,0.294494751285937,0.166209188483141,8
"25",5,200,0.59155655204332,0.451464222027919,0.521510387035619,0.599032936667572,0.448668220668221,0.523850578667896,0.584264488830422,0.454295290042434,0.519279889436428,0.347902431248881,0.111560075074968,0.229731253161924,0.159194001943699,0.0546710801676599,0.106932541055679,0.388737305359172,0.160958427001272,0.274847866180222,5
"26",1,250,0.616429604920326,0.522917886629637,0.569673745774981,0.547387418928884,0.45852809607967,0.502957757504277,0.705402264211166,0.608346206390798,0.656874235300982,0.0576024529372101,0.182936213831348,0.120269333384279,0.0218704520471011,0.0930356719144089,0.057453061980755,0.0747846899194332,0.231314934297348,0.15304981210839,8
"27",2,250,0.637997974651702,0.453785679802799,0.54589182722725,0.583069361798141,0.420732951513242,0.501901156655691,0.704352149785945,0.492474407980608,0.598413278883277,0.0532510125512165,0.187280081078907,0.120265546815062,0.0238353840503581,0.100685445822689,0.0622604149365236,0.0599662204938643,0.248948036792262,0.154457128643063,7
"28",3,250,0.598206787041351,0.452718149472546,0.525462468256949,0.542383034046575,0.403219982769849,0.472801508408212,0.666840043501709,0.516069397300796,0.591454720401252,0.0540566671568828,0.212591317963028,0.133323992559956,0.0232416196140448,0.106261269399805,0.0647514445069248,0.0428640293041546,0.280229678941644,0.161546854122899,8
"29",4,250,0.644280996322438,0.450730656116798,0.547505826219618,0.589844604968772,0.418412400109723,0.504128502539247,0.70978677596061,0.488459352490776,0.599123064225693,0.0570661197815657,0.186299414578776,0.121682767180171,0.0240784801184598,0.0971279826426557,0.0606032313805577,0.0619549414550078,0.245870918075482,0.153912929765245,7
"30",5,250,0.64301814169245,0.454471072789389,0.548744607240919,0.650449606562633,0.453946819476231,0.552198213019432,0.635754569386789,0.454996538400111,0.54537555389345,0.0346326663343429,0.123767482243354,0.0792000742888486,0.00600435711804472,0.0632037861191333,0.034604071618589,0.0577699431744652,0.170115534800707,0.113942738987586,5
"31",1,300,0.570959351869268,0.475574007788898,0.523266679829083,0.50865303673623,0.421443364413655,0.465048200574943,0.650660560781356,0.545659048517624,0.59815980464949,0.124476197294647,0.137009754348143,0.130742975821395,0.0349939385232155,0.0548839663672672,0.0449389524452414,0.164825348093387,0.134052064867773,0.14943870648058,9
"32",2,300,0.578532491342861,0.380562536365541,0.479547513854201,0.625006841817187,0.407109024731141,0.516057933274164,0.538491277870153,0.357266167153334,0.447878722511743,0.300853424411069,0.0535914802820701,0.17722245234657,0.0999383375186534,0.0210886178334016,0.0605134776760275,0.335009086456305,0.0926099461011625,0.213809516278734,4
"33",3,300,0.646110000531287,0.44000340818919,0.543056704360239,0.634509126355043,0.415860189347866,0.525184657851455,0.658142977769843,0.467122729981919,0.562632853875881,0.0430366697488583,0.110520901582248,0.076778785665553,0.0161848663120997,0.0598915339659291,0.0380382001390144,0.0685286093534224,0.166614583105421,0.117571596229422,6
"34",4,300,0.634694527086869,0.457694059559257,0.546194293323063,0.578427315177135,0.424333081895747,0.501380198536441,0.703088284538032,0.496748306991211,0.599918295764621,0.0409865633474906,0.190929580561368,0.115958071954429,0.00837062257842096,0.0990389130225681,0.0537047678004945,0.0543847509264194,0.25215621176118,0.1532704813438,7
"35",5,300,0.604183030724317,0.517039445671714,0.560611238198015,0.522812768229838,0.454381830601181,0.488597299415509,0.715550946514058,0.599741656254469,0.657646301384263,0.0372292324579126,0.220325592319437,0.128777412388675,0.0211645715795769,0.124822728307498,0.0729936499435373,0.0648056293627023,0.268774457589549,0.166790043476126,8
"36",1,350,0.652629184530771,0.44938499633477,0.55100709043277,0.596212313279655,0.416846707688014,0.506529510483834,0.720838905865259,0.487433131633862,0.60413601874956,0.201445399435639,0.197383185429827,0.199414292432733,0.0728604693107687,0.117598808410721,0.095229638860745,0.222137766966785,0.253153019044819,0.237645393005802,7
"37",2,350,0.64686259688731,0.464941997378863,0.555902297133086,0.648495276000001,0.46448676462334,0.556491020311671,0.645238118132914,0.465398123336022,0.555318120734468,0.261007240414816,0.0885748961624835,0.17479106828865,0.0893832966112106,0.054591573885632,0.0719874352484213,0.290201935310033,0.124424663774423,0.207313299542228,5
"38",3,350,0.585769148968944,0.434999465884756,0.51038430742685,0.554686273916761,0.415972757426193,0.485329515671477,0.620542393959921,0.455850178566104,0.538196286263012,0.209916353812746,0.142130797563919,0.176023575688332,0.0596665815390869,0.0781105391807164,0.0688885603599017,0.238439869035957,0.146197897977835,0.192318883506896,7
"39",4,350,0.639271908748111,0.46626464651337,0.552768277630741,0.640684436988857,0.466426680936584,0.553555558962721,0.637865595257283,0.466102724631044,0.551984159944164,0.25121991661862,0.0897494417631542,0.170484679190887,0.0901916521750626,0.0547646183215453,0.0724781352483039,0.272999525566015,0.123822862839132,0.198411194202573,5
"40",5,350,0.648578941510605,0.468512268576254,0.558545605043429,0.649209124209124,0.46721956277214,0.558214343490632,0.647949981053429,0.469812147559037,0.558881064306233,0.261401605576362,0.0823037326333056,0.171852669104834,0.090481974624943,0.0513721856698604,0.0709270801474017,0.294244016904056,0.119136509218984,0.20669026306152,5
"41",1,400,0.655576779136193,0.384695953893822,0.520136366515007,0.710588449952539,0.411982187427789,0.561285318690164,0.608470759962031,0.360799622774601,0.484635191368316,0.286630517819186,0.0598976304275024,0.173264074123344,0.0996907310090192,0.0256936712611123,0.0626922011350658,0.319821087196169,0.107849783070302,0.213835435133236,4
"42",2,400,0.65940643203232,0.387450256893884,0.523428344463102,0.70785748116506,0.415074517062127,0.561465999113593,0.617163177914504,0.363273486482071,0.490218332198288,0.284172836569332,0.0653282487236663,0.174750542646499,0.0976943301213589,0.0258003517426704,0.0617473409320147,0.318200822723607,0.113709096786552,0.21595495975508,4
"43",3,400,0.660533038723954,0.386569355331768,0.523551197027861,0.709685316769872,0.414085495577961,0.561885406173917,0.617748253415898,0.362482269294739,0.490115261355318,0.282564858438746,0.0620324113212891,0.172298634880017,0.0940324221420076,0.0238633991170234,0.0589479106295155,0.320880258211205,0.110860267393979,0.215870262802592,4
"44",4,400,0.566416989395857,0.419031831484815,0.492724410440336,0.615151650777055,0.450653242558892,0.532902446667973,0.52483737000436,0.391557076805734,0.458197223405047,0.105422078974571,0.305339660212004,0.205380869593287,0.0297966598792157,0.104573043590036,0.0671848517346258,0.124887801328461,0.349174783290899,0.23703129230968,4
"45",5,400,0.564484710069949,0.410258165759433,0.487371437914691,0.612980079880464,0.4409138333364,0.526946956608432,0.523100113287087,0.383588209526263,0.453344161406675,0.0986610039774713,0.308998878725749,0.20382994135161,0.0295791365235362,0.113239388284343,0.0714092624039394,0.118931443183991,0.35185933847228,0.235395390828136,4
"46",1,450,0.5271850839922,0.384071450789072,0.455628267390636,0.556936464951171,0.411395548895549,0.48416600692336,0.50045113274525,0.36015092187506,0.430301027310155,0.235178075703623,0.245025443129292,0.240101759416457,0.0664002225300798,0.0751533496094089,0.0707767860697444,0.267267393278409,0.286421079954675,0.276844236616542,4
"47",2,450,0.642759346734451,0.469071925204434,0.555915635969443,0.64620574139346,0.467467807096817,0.556836774245139,0.639349518217495,0.470687090298387,0.555018304257941,0.250263532412428,0.0856871212325501,0.167975326822489,0.0919971625582675,0.0512924012435185,0.071644781900893,0.272552436332953,0.119717913171854,0.196135174752404,5
"48",3,450,0.530932683837096,0.392353279316891,0.461642981576993,0.576971814152002,0.420919874820416,0.498945844486209,0.491697933249312,0.367417718038151,0.429557825643731,0.232264133746221,0.249435142698402,0.240849638222311,0.0695486221358084,0.0754557773416027,0.0725021997387056,0.273737487276853,0.309021429616916,0.291379458446885,4
"49",4,450,0.56057360730725,0.41340223539501,0.48698792135113,0.608988657529772,0.444330824969068,0.52665974124942,0.519289691455916,0.386499142733875,0.452894417094895,0.0897541836059292,0.295891245084203,0.192822714345066,0.0272024951508269,0.101283023691554,0.0642427594211903,0.112183637620661,0.341322140465041,0.226752889042851,4
"50",5,450,0.646309797438559,0.468896795864923,0.557603296651741,0.649756091666659,0.466839787562091,0.558297939614375,0.642899868490693,0.470972011740612,0.556935940115653,0.249985370120587,0.0854980649694952,0.167741717545041,0.0899128681449496,0.0513687163119223,0.0706407922284359,0.271684443451765,0.120609664498083,0.196147053974924,5
"51",1,500,0.531261955196828,0.386531274905291,0.45889661505106,0.577460076150073,0.414270609066929,0.495865342608501,0.491908180680537,0.362273630110686,0.427090905395612,0.0746535467613421,0.0421074168048734,0.0583804817831078,0.0180896708678995,0.0195964410895867,0.0188430559787431,0.092018375115159,0.0891590962959299,0.0905887357055444,4
"52",2,500,0.535700259438912,0.391696513261877,0.463698386350394,0.582270414832063,0.420182411693572,0.501226413262817,0.496027812228188,0.366827747536676,0.431427779882432,0.248919932103322,0.0426346920822472,0.145777312092784,0.0773505113834322,0.017305702245247,0.0473281068143396,0.29252178205415,0.0904392904589504,0.19148053625655,4
"53",3,500,0.662831479179554,0.457630232516703,0.560230855848129,0.608371916891094,0.424041862471497,0.516206889681295,0.727999753414973,0.496997414247179,0.612498583831076,0.242245826077765,0.208724431133068,0.225485128605416,0.103187373820612,0.109562002202219,0.106374688011415,0.264175098082185,0.259786032406702,0.261980565244443,7
"54",4,500,0.469635911311648,0.461063233673959,0.465349572492803,0.453707207186824,0.44259032732091,0.448148767253867,0.486723756935296,0.481145356023605,0.48393455647945,0.155397476558397,0.106110313682657,0.130753895120527,0.0563070491105366,0.061215109546117,0.0587610793283268,0.175614724840226,0.147639353455871,0.161627039148049,6
"55",5,500,0.561334036937608,0.414149245797098,0.487741641367353,0.60984327741742,0.445169751143565,0.527506514280492,0.519973387366035,0.387170283673472,0.453571835519754,0.0745595514177677,0.290968659862887,0.182764105640327,0.0225104532492164,0.0989389714633573,0.0607247123562868,0.0953119164810658,0.337620016285981,0.216465966383523,4
"56",1,550,0.557734118888576,0.413929528713408,0.485831823800992,0.606792461806315,0.445036962261061,0.525914712033688,0.516015009200404,0.386886712665992,0.451450860933198,0.0677040134247879,0.284599584585686,0.176151799005237,0.0213176533693611,0.0944406337669044,0.0578791435681328,0.0891850130493117,0.333964787336952,0.211574900193132,4
"57",2,550,0.557283056559019,0.412374505872107,0.484828781215563,0.60628548716784,0.443290576228108,0.524788031697974,0.515609429489624,0.38548960383963,0.450549516664627,0.0731782103950595,0.294661960823729,0.183920085609394,0.0238164635745125,0.0940290803056356,0.058922771940074,0.0932552907417449,0.344296950551635,0.21877612064669,4
"58",3,550,0.559996147099203,0.415263990594591,0.487630068846897,0.608933490862388,0.446535662881817,0.527734576872102,0.518339453240369,0.388085673162596,0.453212563201483,0.0685707035038405,0.28811721654549,0.178343960024665,0.0220945014014425,0.0982703118728457,0.0601824066371441,0.0887769242347278,0.334869754151433,0.21182333919308,4
"59",4,550,0.553270967222217,0.412645125433548,0.482958046327883,0.60137498611339,0.443480561954375,0.522427774033883,0.51229264944117,0.385818932322121,0.449055790881646,0.0721375130915303,0.285745923020008,0.178941718055769,0.0250813763378719,0.095921695341139,0.0605015358395054,0.0915366479131935,0.334460732943214,0.212998690428204,4
"60",5,550,0.563634700886023,0.551646297447684,0.557640499166854,0.508875918190917,0.498126431848171,0.503501175019544,0.631599434415713,0.618051154998432,0.624825294707072,0.174880778161198,0.202742003875087,0.188811391018143,0.0671802973756911,0.0987067645312999,0.0829435309534955,0.214236043528413,0.243227103601249,0.228731573564831,7
"61",1,600,0.534460611847151,0.391999986222212,0.463230299034681,0.580936822052529,0.420410959944122,0.500673890998326,0.494869939569734,0.367185910812441,0.431027925191087,0.236691301005519,0.0430028962787161,0.139847098642118,0.061704502562717,0.0185770866297,0.0401407945962085,0.301424617767569,0.091110675151446,0.196267646459507,4
"62",2,600,0.558549780330798,0.412425435597297,0.485487607964048,0.607770453516494,0.443347773071872,0.525559113294183,0.516704167691244,0.38553536131464,0.451119764502942,0.0601312816270082,0.284535862015764,0.172333571821386,0.0206575480515876,0.0947717611592147,0.0577146546054012,0.0818659296366209,0.334137383510039,0.20800165657333,4
"63",3,600,0.534819461643698,0.390807940731878,0.462813701187788,0.581280490276054,0.419184667463136,0.500232578869595,0.495235872583381,0.366029552152327,0.430632712367854,0.235527100497345,0.250012760335403,0.242769930416374,0.0601716286107167,0.0749123241414776,0.0675419763760972,0.301573400733755,0.309613918234896,0.305593659484325,4
"64",4,600,0.644057059312254,0.467094725136018,0.555575892224136,0.648025175299599,0.463770805696645,0.555897990498122,0.640137244265116,0.470466634650986,0.555301939458051,0.272102940967816,0.0789874780962968,0.175545209532056,0.0901289088923606,0.0496070409439757,0.0698679749181682,0.312742491963658,0.117348147763982,0.21504531986382,5
"65",5,600,0.607221967227274,0.452131301739947,0.52967663448361,0.57606939988065,0.429555496348868,0.502812448114759,0.64193648162469,0.477211738199256,0.559574109911973,0.248897227131914,0.120995301049218,0.184946264090566,0.0916167259315454,0.0655380115234755,0.0785773687275104,0.28879356655098,0.156732789837765,0.222763178194372,6
"66",1,650,0.548592556167165,0.404699329648028,0.476645942907596,0.59651789055162,0.43455747057967,0.515537680565645,0.507795352196648,0.378680459222357,0.443237905709502,0.24510454469796,0.284528878076333,0.264816711387147,0.0742833054723429,0.0939664600734757,0.0841248827729092,0.285436403764947,0.332856105668346,0.309146254716647,4
"67",2,650,0.552876997577133,0.406193458882716,0.479535228229924,0.601394492132114,0.436235322928663,0.518814907530389,0.51160339858374,0.380022741101551,0.445813069842646,0.0677941320036409,0.294222832499229,0.181008482251435,0.0226269834180368,0.0953337586710247,0.0589803710445308,0.0891629076798411,0.342766896855647,0.215964902267744,4
"68",3,650,0.534819461643698,0.390420905788902,0.4626201837163,0.581280490276054,0.418637910298732,0.499959200287393,0.495235872583381,0.365767471096129,0.430501671839755,0.244042793045741,0.249669872253877,0.246856332649809,0.0751367511032942,0.0748291588720943,0.0749829549876943,0.284108684845206,0.308950014509304,0.296529349677255,4
"69",4,650,0.553987148511134,0.413565311798056,0.483776230154595,0.602179901767299,0.444513966629351,0.523346934198325,0.512936581964298,0.386645656062102,0.4497911190132,0.0652511510218449,0.289730204530073,0.177490677775959,0.0198311972987073,0.0967053838382134,0.0582682905684603,0.0858106149661507,0.337923327132319,0.211866971049235,4
"70",5,650,0.556811332851592,0.416023908898895,0.486417620875244,0.605228179691507,0.447275105051025,0.526251642371266,0.515567159137821,0.388854566799441,0.452210862968631,0.0787456774779239,0.289915133776598,0.184330405627261,0.0246114593106758,0.0986317196671143,0.061621589488895,0.0996208704578782,0.335958003748058,0.217789437102968,4
"71",1,700,0.5550000181012,0.41527691024897,0.485138464175085,0.602659741710013,0.446436178876528,0.524547960293271,0.514325935782871,0.388183425859843,0.451254680821357,0.0863508465929805,0.291120121209578,0.188735483901279,0.0253156720429862,0.0985968729526952,0.0619562724978407,0.105086367301635,0.337076771654105,0.22108156947787,4
"72",2,700,0.554329466111292,0.414519812263901,0.484424639187596,0.602564633003094,0.445585915861836,0.524075274432465,0.513244366952934,0.387503215448089,0.450373791200511,0.0709546908532377,0.29063040776579,0.180792549309514,0.0222266023428924,0.0979879207682854,0.0601072615555889,0.0903002037977232,0.338915952214322,0.214608078006023,4
"73",3,700,0.608285790036634,0.591545184517406,0.59991548727702,0.527277777456974,0.513191060676498,0.520234419066736,0.718703359877741,0.698136876066126,0.708420117971933,0.160963223988453,0.225198163339054,0.193080693663753,0.0554098774429892,0.095913192035745,0.0756615347393671,0.235298586961831,0.24606262283553,0.24068060489868,8
"74",4,700,0.533037361666474,0.390304332063906,0.46167084686519,0.579217624843554,0.418393614544424,0.498805619693989,0.493677130177873,0.36574937439416,0.429713252286017,0.234977697717452,0.0394512502493498,0.137214473983401,0.0661185904376017,0.017564466232317,0.0418415283349594,0.293478724059075,0.0857124455256186,0.189595584792347,4
"75",5,700,0.560104150716217,0.553473632141671,0.556788891428944,0.503484632442345,0.498714658346908,0.501099645394626,0.631071487819181,0.621740914605035,0.626406201212108,0.164200571451183,0.211117050966226,0.187658811208704,0.0565182811833158,0.101666353910765,0.0790923175470403,0.229234383815671,0.249448087279543,0.239341235547607,7
"76",1,750,0.556979351429215,0.41290670198463,0.484943026706922,0.605353528937151,0.443774321658937,0.524563925298044,0.515764304631202,0.38605394008577,0.450909122358486,0.073683571819983,0.28810526217162,0.180894416995801,0.0221516806611535,0.0951369185053798,0.0586442995832666,0.0927116551435864,0.337990516513082,0.215351085828334,4
"77",2,750,0.557853437636797,0.413005201001845,0.485429319319321,0.605931574676632,0.443884939703215,0.524908257189924,0.516844025173404,0.386142434521193,0.451493229847299,0.0733034335149467,0.291458072197094,0.18238075285602,0.0198232769482415,0.0976437797070357,0.0587335283276386,0.0935884076203045,0.337550784781004,0.215569596200654,4
"78",3,750,0.534945764628316,0.391917777913483,0.463431771270899,0.581482085135274,0.420205208747322,0.500843646941298,0.49530615003593,0.367198649756479,0.431252399896204,0.228869237465017,0.246046293851038,0.237457765658027,0.0605816369933437,0.0735469273673847,0.0670642821803642,0.296294803949763,0.307130401863652,0.301712602906707,4
"79",4,750,0.640992065537573,0.618754174599074,0.629873120068324,0.57442778981681,0.555679537691421,0.565053663754115,0.725005134799319,0.697981350040965,0.711493242420142,0.158508370274188,0.136689576360507,0.147598973317348,0.0578167294642462,0.0757147546960193,0.0667657420801328,0.2134754076307,0.148584826939267,0.181030117284984,7
"80",5,750,0.531960740134544,0.390304332063906,0.461132536099225,0.578304031305046,0.418393614544424,0.498348822924735,0.492493971312693,0.36574937439416,0.429121672853427,0.229444103542342,0.0404611142875922,0.134952608914967,0.0574983048402778,0.0181914299851317,0.0378448674127048,0.294754283505766,0.0862292362225307,0.190491759864148,4
"81",1,800,0.556221890991855,0.41290670198463,0.484564296488242,0.604438363512293,0.443774321658937,0.524106342585615,0.515129638178256,0.38605394008577,0.450591789132013,0.0745966595118935,0.291143167037195,0.182869913274544,0.0227126971114066,0.0969283600387895,0.0598205285750981,0.0960782090049158,0.340120458402561,0.218099333703738,4
"82",2,800,0.553221962474475,0.405000835932166,0.47911139920332,0.601066815206217,0.434896049266545,0.517981432236381,0.512432399533395,0.378951322171857,0.445691860852626,0.251048359916905,0.294234554739206,0.272641457328055,0.0741043066041568,0.0981281232234898,0.0861162149138233,0.289061060318123,0.340787615675177,0.31492433799665,4
"83",3,800,0.550665106933917,0.422565451379883,0.4866152791569,0.59859892851938,0.455689835796199,0.527144382157789,0.509838895137485,0.393930399710405,0.451884647423945,0.0634787754058484,0.287676995186007,0.175577885295928,0.0318946754808653,0.098583126101641,0.0652389007912531,0.0699904048127459,0.336795149837759,0.203392777325252,4
"84",4,800,0.559337002077771,0.413782898932563,0.486559950505167,0.607939401194097,0.444758326527535,0.526348863860816,0.517930468323699,0.386841143980649,0.452385806152174,0.0754848516948523,0.289956676815061,0.182720764254957,0.0213999388733426,0.0981136182924293,0.0597567785828859,0.0977579725599345,0.335633556460338,0.216695764510136,4
"85",5,800,0.556949231792062,0.412248088482854,0.484598660137458,0.605724448818457,0.443034676688523,0.52437956275349,0.515443756585629,0.385462224109439,0.450452990347534,0.0744530653476723,0.288434899091153,0.181443982219413,0.023005529094292,0.095759673132822,0.059382601113557,0.0933468552839164,0.337914665719732,0.215630760501824,4
"86",1,850,0.551519193488155,0.424715590927312,0.488117392207734,0.599621494139864,0.458105151272036,0.52886332270595,0.510561392842755,0.395862652091075,0.453212022466915,0.0636783993656625,0.284791940228712,0.174235169797188,0.0339371261451534,0.101143477394806,0.0675403017699797,0.0702304126377263,0.330990431472056,0.200610422054891,4
"87",2,850,0.551012723973065,0.42144801256381,0.486230368268438,0.599237983406639,0.454217742059869,0.526727862733254,0.509971426480663,0.393088479362181,0.451529952921422,0.259713027843413,0.28569561313458,0.272704320488996,0.0954882562230176,0.0985283291581184,0.097008292690568,0.283844637032973,0.332306787411151,0.308075712222062,4
"88",3,850,0.554296766965814,0.412248088482854,0.483272427724334,0.602929045630315,0.443034676688523,0.522981861159419,0.512924276259603,0.385462224109439,0.449193250184521,0.0602006391835483,0.286737776026688,0.173469207605118,0.0191830897314855,0.0948249028509849,0.0570039962912352,0.0822167263578769,0.335122117495802,0.20866942192684,4
"89",4,850,0.555538029673305,0.421844108153597,0.488691068913451,0.604725844331906,0.454771694844609,0.529748769588257,0.513750094425769,0.393362810421142,0.453556452423456,0.0575002674113394,0.284810594114515,0.171155430762927,0.0206145683222329,0.0995147204812071,0.06006464440172,0.0740425198731367,0.331160571119486,0.202601545496311,4
"90",5,850,0.55014520342462,0.421875814891351,0.486010509157986,0.598201419293566,0.454807310902053,0.52650436509781,0.50923598206062,0.393391303267097,0.451313642663858,0.0621160171541129,0.286429612543913,0.174272814849013,0.0331981728423017,0.0993500025869448,0.0662740877146232,0.0686907961023692,0.333138122327676,0.200914459215023,4
"91",1,900,0.553397906129429,0.425785745536739,0.489591825833084,0.601857224485474,0.459414051795596,0.530635638140535,0.512160626214146,0.396744724582544,0.454452675398345,0.0597993061358402,0.281580252536519,0.17068977933618,0.0327446212991912,0.0982686913711303,0.0655066563351607,0.0645880918209474,0.328920007527177,0.196754049674062,4
"92",2,900,0.551197719179031,0.422811682168509,0.48700470067377,0.599847407855217,0.456178674033258,0.528013040944238,0.509847345244419,0.393993218556216,0.451920281900317,0.0597766324858159,0.284900637833334,0.172338635159575,0.0217094056070816,0.0994376950092024,0.060573550308142,0.0757722303915351,0.331781350557114,0.203776790474325,4
"93",3,900,0.556958703799919,0.425785745536739,0.491372224668329,0.60598214039791,0.459414051795596,0.532698096096753,0.515273517196377,0.396744724582544,0.456009120889461,0.0532406169372013,0.280316463349501,0.166778540143351,0.019888633289459,0.0984769555079665,0.0591827943987127,0.0701018121875299,0.326529888861226,0.198315850524378,4
"94",4,900,0.53784425053803,0.410844529273365,0.474344389905697,0.585017528952645,0.442840014012221,0.513928771482433,0.497710992859086,0.383160900098665,0.440435946478875,0.265786877824196,0.238641538087163,0.25221420795568,0.0998194751871175,0.0742221028492897,0.0870207890182036,0.293143958377607,0.299112439033202,0.296128198705404,4
"95",5,900,0.552110395934216,0.430412852953509,0.491261624443863,0.60034823832591,0.465129351824325,0.532738795075117,0.511047821429959,0.400518782005908,0.455783301717933,0.0743546763912966,0.283881272715093,0.179117974553195,0.0399889743113196,0.103439052699454,0.0717140135053869,0.0765674942599108,0.331054573482829,0.20381103387137,4
"96",1,950,0.559340342520857,0.540843676449861,0.550092009485359,0.502918140104416,0.488529835217032,0.495723987660724,0.630022315998178,0.605705145565554,0.617863730781866,0.184295838819658,0.218290592589288,0.201293215704473,0.0736094944840607,0.0995756184034367,0.0865925564437487,0.224866212504762,0.246853259201536,0.235859735853149,7
"97",2,950,0.552041330451034,0.428651309083049,0.490346319767041,0.600855633740777,0.463150291558747,0.532002962649762,0.51056255577311,0.398935533793446,0.454749044783278,0.0569078140359655,0.279825371791178,0.168366592913572,0.0200764822299976,0.100972421779708,0.0605244520048529,0.0732918021480582,0.331025446490764,0.202158624319411,4
"98",3,950,0.553042441477052,0.427157852233964,0.490100146855508,0.601860446098737,0.461472439209754,0.531666442654246,0.511549706572242,0.397593251914251,0.454571479243246,0.0710666843469536,0.27851488501205,0.174790784679502,0.0389261289683428,0.102301274409116,0.0706137016887295,0.0712356584944366,0.327583830199813,0.199409744347125,4
"99",4,950,0.53852624402842,0.417590877842342,0.478058560935381,0.585326156877881,0.450923559358987,0.518124858118434,0.49865606228042,0.388846955595298,0.443751508937859,0.263632793820957,0.244351912536965,0.253992353178961,0.0985544068320963,0.080499080941282,0.0895267438866892,0.289528629697084,0.304501054331821,0.297014842014452,4
"100",5,950,0.550647590108221,0.42823987951868,0.489443734813451,0.599046865857919,0.462788228683438,0.530917547270679,0.509484406266582,0.398491452511968,0.453987929389275,0.0738423929560991,0.278027982280643,0.175935187618371,0.0389310500483155,0.103084627330979,0.0710078386896471,0.0779537929325793,0.327829629199095,0.202891711065837,4
"101",1,1000,0.532589080384247,0.414603821778557,0.473596451081402,0.578592790697966,0.447567854661001,0.513080322679483,0.493362037436421,0.386162391836909,0.439762214636665,0.254807016031782,0.234240847865381,0.244523931948581,0.0968020443446231,0.0791506171130452,0.0879763307288342,0.274429022607363,0.296607467275347,0.285518244941355,4
"102",2,1000,0.504247557354136,0.490407916436985,0.497327736895561,0.502529791942914,0.486087578920621,0.494308685431767,0.50597710649998,0.494805740816927,0.500391423658453,0.15671998791611,0.0589970053373423,0.107858496626726,0.0360286836774716,0.0477877132812909,0.0419081984793813,0.198345845666138,0.105294433131672,0.151820139398905,5
"103",3,1000,0.551446268064437,0.428651309083049,0.490048788573743,0.600126770767017,0.463150291558747,0.531638531162882,0.510070835573858,0.398935533793446,0.454503184683652,0.0708941003293098,0.277858789903146,0.174376445116228,0.0395623358963932,0.100169538459921,0.0698659371781571,0.0716217331014057,0.32923008138776,0.200425907244583,4
"104",4,1000,0.551858263158777,0.429733304029943,0.49079578359436,0.600126770767017,0.464466081032432,0.532296425899724,0.51077626323938,0.399833734391163,0.455304998815271,0.0714518935018634,0.278017006747063,0.174734450124463,0.0397853178120337,0.102871658788264,0.0713284883001487,0.0713289012523618,0.327732011741353,0.199530456496858,4
"105",5,1000,0.529883691668996,0.414371308064333,0.472127499866664,0.576070440761823,0.447306648055001,0.511688544408412,0.490553322306428,0.385953426552109,0.438253374429268,0.245891714820648,0.23633299087562,0.241112352848134,0.0754847831523072,0.0797644643770594,0.0776246237646833,0.290791079478384,0.29680343425449,0.293797256866437,4
"106",1,1050,0.530150431761285,0.419617018359133,0.474883725060209,0.576311052259391,0.453585604138052,0.514948328198722,0.490836075850066,0.390381710823669,0.440608893336868,0.234495246179653,0.236985200076963,0.235740223128308,0.0758130586725699,0.0809618530266868,0.0783874558496284,0.279752414327555,0.299819233976708,0.289785824152131,4
"107",2,1050,0.529475680007306,0.420710670980958,0.475093175494132,0.575552696057818,0.454908355460804,0.515230525759311,0.490229390888808,0.391295105421275,0.440762248155041,0.232399075245159,0.236334409112119,0.234366742178639,0.0655812200558871,0.0804353352825375,0.0730082776692123,0.295198089250961,0.297619564549201,0.296408826900081,4
"108",3,1050,0.550545521031113,0.416073534213566,0.483309527622339,0.599234033683939,0.448289768856981,0.52376190127046,0.509174460989705,0.388177269631039,0.448675865310372,0.238719118619163,0.276384858827277,0.25755198872322,0.0717916003963849,0.0930175887303969,0.0824045945633909,0.276156672363133,0.322514611294356,0.299335641828745,4
"109",4,1050,0.533528559382199,0.418524185861987,0.476026372622093,0.579648638854579,0.452262852815301,0.51595574583494,0.494206715961712,0.389469856720326,0.441838286341019,0.231556802209124,0.235952357705741,0.233754579957433,0.059744964041722,0.0814509627886198,0.0705979634151709,0.29067771603104,0.298894318934288,0.294786017482664,4
"110",5,1050,0.533528559382199,0.419617018359133,0.476572788870666,0.579648638854579,0.453585604138052,0.516617121496316,0.494206715961712,0.390381710823669,0.442294213392691,0.239053577965264,0.235668291328277,0.23736093464677,0.0757368706792185,0.0808968638705798,0.0783168672748991,0.282269742584151,0.298839716265378,0.290554729424765,4
"111",1,1100,0.544792092438219,0.440923021487727,0.492857556962973,0.592184996401884,0.477959721885927,0.535072359143906,0.504422843747274,0.409213415092635,0.456818129419954,0.0768595686275885,0.284438839488086,0.180649204057837,0.0411117683547443,0.102610681096064,0.0718612247254042,0.078159831169568,0.333285167623888,0.205722499396728,4
"112",2,1100,0.521836456137633,0.411534847017925,0.466685651577779,0.566847774755374,0.444505462014089,0.505676618384731,0.483447638764544,0.383117597124499,0.433282617944521,0.266792340411369,0.270699197013607,0.268745768712488,0.0978167215069644,0.0823967230368953,0.0901067222719299,0.291929687446676,0.303458359678339,0.297694023562508,4
"113",3,1100,0.544450459396602,0.442227088058397,0.4933387737275,0.591984426847704,0.479366158087674,0.535675292467689,0.503982678256279,0.410428953406166,0.457205815831222,0.0581409783729729,0.282793512151233,0.170467245262103,0.0228930531084147,0.101796158398585,0.0623446057534999,0.0743915413041805,0.331197630358215,0.202794585831198,4
"114",4,1100,0.550323805127399,0.435261672708549,0.492792738917974,0.598524854714606,0.471163333111174,0.53484409391289,0.509307688649734,0.404443894002167,0.45687579132595,0.0562783116379762,0.279883590449965,0.16808095104397,0.0208320276118679,0.103405584682502,0.0621188061471851,0.0741887789904319,0.331570210949788,0.20287949497011,4
"115",5,1100,0.54492881334885,0.450788545924115,0.497858679636483,0.59258247326854,0.489046027010699,0.540814250139619,0.504369008917862,0.418082459192451,0.461225734055157,0.0564936928835762,0.28611974074035,0.171306716811963,0.0212595713183049,0.106073651834896,0.0636666115766006,0.0740241221767545,0.335210610977528,0.204617366577141,4
"116",1,1150,0.544505428291433,0.431995401012021,0.488250414651727,0.592786040748463,0.467493341272042,0.530139691010252,0.503497125281697,0.401507900530861,0.452502512906279,0.0624748124099403,0.280193740730065,0.171334276570003,0.0347881137496705,0.0996313373629601,0.0672097255563153,0.062108748756799,0.331987162937779,0.197047955847289,4
"117",2,1150,0.536695165145339,0.417222253174616,0.476958709159978,0.583388588596621,0.450410499828577,0.516899544212599,0.496922351239835,0.388589269428079,0.442755810333957,0.225233650549005,0.234484222848936,0.229858936698971,0.0593318900461173,0.0808042958469119,0.0700680929465146,0.250221780223886,0.29215395421872,0.271187867221303,4
"118",3,1150,0.528874821808228,0.428436102444799,0.478655462126514,0.57441850036684,0.464133652405288,0.519276076386064,0.49002260517152,0.397837534169128,0.443930069670324,0.229457287661392,0.245323609537534,0.237390448599463,0.0773246578083231,0.0836963247471922,0.0805104912777576,0.270024192408169,0.306725972299914,0.288375082354042,4
"119",4,1150,0.54543055708113,0.448259526615171,0.49684504184815,0.593661736166113,0.486204009267595,0.539932872716854,0.504447461222047,0.415808844997968,0.460128153110008,0.0591478863281016,0.286619620744757,0.172883753536429,0.0226149017391641,0.105006746430272,0.0638108240847182,0.0760391067786067,0.333086222797084,0.204562664787845,4
"120",5,1150,0.530558809754033,0.428436102444799,0.479497456099416,0.576311052259391,0.464133652405288,0.52022235233234,0.491536646685562,0.397837534169128,0.444687090427345,0.23301213224081,0.247054894634358,0.240033513437584,0.0763597995646016,0.0844067474728965,0.080383273518749,0.275368221706258,0.309112714502624,0.292240468104441,4
"121",1,1200,0.542572057645557,0.43822239499648,0.490397226321019,0.590152518836478,0.474952082302892,0.532552300569685,0.502091434029427,0.406765789553653,0.45442861179154,0.0726433355652888,0.290199985736137,0.181421660650713,0.0395984504164217,0.10065072345289,0.0701245869346559,0.0728601837037605,0.342028550024297,0.207444366864029,4
"122",2,1200,0.506791462671041,0.493455986071693,0.500123724371367,0.508984171376317,0.493960496213444,0.501472333794881,0.504617565346535,0.492952505448634,0.498785035397584,0.0605689795391262,0.117054223009907,0.0888116012745168,0.0295347381132165,0.0531169065799437,0.0413258223465801,0.0587158272448948,0.137108989580396,0.0979124084126456,5
"123",3,1200,0.506899324582224,0.495425143862609,0.501162234222417,0.509220570153114,0.495778694644664,0.502499632398889,0.504599145445533,0.495072096971025,0.499835621208279,0.0758726705243777,0.0979045060379961,0.0868885882811869,0.0113344790155161,0.0526938095505586,0.0320141442830374,0.0793169128835627,0.146208139339793,0.112762526111678,5
"124",4,1200,0.591173363247295,0.584966834376279,0.588070098811787,0.533663340680267,0.526628426618344,0.530145883649305,0.662575561169799,0.657840550095776,0.660208055632788,0.273434991916861,0.225912422017132,0.249673706966996,0.114336847950435,0.104884008653592,0.109610428302013,0.314141082711399,0.234283966445726,0.274212524578563,7
"125",5,1200,0.502487836084772,0.492035244285934,0.497261540185353,0.506299933793552,0.494189097498677,0.500244515646114,0.498732714444165,0.489900084130705,0.494316399287435,0.0650647927337522,0.125812846812674,0.0954388197732132,0.0298195542031419,0.0550561798469227,0.0424378670250323,0.0620230378964093,0.153049907588449,0.107536472742429,5
"126",1,1250,0.529716339700872,0.526223479765559,0.527969909733216,0.578925889748891,0.575155098938718,0.577040494343805,0.488217164398501,0.484964843482184,0.486591003940343,0.294524627364514,0.347641960202942,0.321083293783728,0.11462006351699,0.12475892360464,0.119689493560815,0.330903551914191,0.364618308260436,0.347760930087313,4
"127",2,1250,0.415064565329769,0.416427171114742,0.415745868222255,0.440646539403901,0.442032413392422,0.441339476398162,0.392289958795848,0.393625930713938,0.392957944754893,0.228210733742212,0.252029076438551,0.240119905090381,0.0539288207716015,0.0754398078160355,0.0646843142938185,0.256721166382498,0.315903231463374,0.286312198922936,4
"128",3,1250,0.522248801159574,0.516115167401045,0.519181984280309,0.569775792920848,0.563738730674496,0.566757261797672,0.4820401465318,0.475911112335124,0.478975629433462,0.298949617684368,0.355803520950347,0.327376569317357,0.118419030214802,0.128359865864728,0.123389448039765,0.332731735033058,0.370568533973957,0.351650134503507,4
"129",4,1250,0.544590382783935,0.542743544743514,0.543666963763725,0.594324939465082,0.593518115557736,0.593921527511409,0.502536874648988,0.499971725150591,0.50125429989979,0.0786212745882813,0.286309241327138,0.182465257957709,0.0342339139581215,0.135103205974159,0.0846685599661404,0.0722807992213556,0.321489575484359,0.196885187352857,4
"130",5,1250,0.542906828997428,0.545166344832747,0.544036586915088,0.59243238757253,0.595879014286697,0.594155700929613,0.501022833134947,0.502408540582962,0.501715686858955,0.0803205845637395,0.284530151627699,0.182425368095719,0.0350537255242204,0.136494792785717,0.0857742591549685,0.0757228230612752,0.318237350530409,0.196980086795842,4
"131",1,1300,0.582709756139943,0.575620568965751,0.579165162552847,0.51865585393091,0.513250595608742,0.515953224769826,0.664814185288703,0.655245724224909,0.660029954756806,0.168282776900418,0.184855979542254,0.176569378221336,0.0588039197600854,0.103032776893737,0.0809183483269112,0.232064366143545,0.215634691606954,0.22384952887525,7
"132",2,1300,0.540748359803944,0.539713459575624,0.540230909689784,0.59035832192094,0.589334257122942,0.589846289521941,0.498829867413295,0.497799694099607,0.498314780756451,0.078247569402113,0.28963531706649,0.183941443234301,0.0329262667179537,0.134945974069094,0.0839361203935236,0.07439019192783,0.32713335033533,0.20076177113158,4
"133",3,1300,0.536481697615651,0.534402010748196,0.535441854181924,0.585561916039272,0.584505473108748,0.58503369457401,0.494992742707961,0.492210056720437,0.493601399714199,0.273762084196945,0.286031750659114,0.279896917428029,0.106646237875611,0.130533738620717,0.118589988248164,0.303165256277385,0.31979271415101,0.311478985214198,4
"134",4,1300,0.591667957171978,0.585424646394622,0.5885463017833,0.533358090375016,0.527370993329088,0.530364541852052,0.664292330990017,0.657840550095776,0.661066440542897,0.288621134010826,0.226370119514995,0.257495626762911,0.124033386083897,0.106675357566327,0.115354371825112,0.335226093944348,0.234507077159159,0.284866585551754,7
"135",5,1300,0.417565933061991,0.420265132622888,0.418915532842439,0.443733582261965,0.446480756659652,0.445107169460809,0.394312708506201,0.396957332600449,0.395635020553325,0.283802963511005,0.239615766678886,0.261709365094946,0.0702673926785477,0.0726311762595225,0.0714492844690351,0.325531177697222,0.309581763921396,0.317556470809309,4
"136",1,1350,0.395193729506464,0.39812275273222,0.396658241119342,0.419094429679386,0.422093654598726,0.420594042139056,0.373872034971579,0.37672817811685,0.375300106544215,0.249610846188076,0.246703703257357,0.248157274722717,0.0586751175769908,0.0751576718271301,0.0669163947020605,0.291020354877328,0.309881199945294,0.300450777411311,4
"137",2,1350,0.417022244366911,0.41929256533907,0.418157404852991,0.443123613631781,0.445530948364079,0.44432728099793,0.393824733602054,0.395972781290133,0.394898757446093,0.274171691599206,0.242013640820486,0.258092666209846,0.0684412242329248,0.0726133378517574,0.0705272810423411,0.309509769914783,0.310517848468345,0.310013809191564,4
"138",3,1350,0.508039282977082,0.496580838427421,0.502310060702251,0.511251849811267,0.497806418963529,0.504529134387398,0.504866837812463,0.495361277736341,0.500114057774402,0.0591325082202811,0.112486821944982,0.0858096650826314,0.0300220179190651,0.0531007778371055,0.0415613978780853,0.0583390368024826,0.133659707804184,0.0959993723033333,5
"139",4,1350,0.54224088821746,0.541045576206537,0.541643232211998,0.592036174269933,0.591661404277577,0.591848789273755,0.50017214929249,0.498407493328017,0.499289821310253,0.0800159966881118,0.289665604129634,0.184840800408873,0.0346121215016005,0.136849581830265,0.0857308516659328,0.0755265591508075,0.324471424859147,0.199998992004977,4
"140",5,1350,0.507730150304158,0.495742790073394,0.501736470188776,0.509389010617479,0.495515175977047,0.502452093297263,0.506082059305007,0.495970613374174,0.50102633633959,0.0588686119821948,0.11648226181817,0.0876754369001823,0.0299182961909372,0.0532131103906783,0.0415657032908078,0.0581297974743338,0.138385197046235,0.0982574972602845,5
"141",1,1400,0.539988440748372,0.538945586742549,0.539467013745461,0.589557994003228,0.589248257810936,0.589403125907082,0.498107933664121,0.496555838953152,0.497331886308636,0.278104464718075,0.291678081757149,0.284891273237612,0.108989589038711,0.137502802066099,0.123246195552405,0.30923160956172,0.326508007167373,0.317869808364546,4
"142",2,1400,0.411097252079882,0.415219752258371,0.413158502169126,0.436053601171655,0.440820628716793,0.438437114944224,0.388842880937324,0.392429230246162,0.390636055591743,0.207685002496913,0.246374208596145,0.227029605546529,0.0530854135470246,0.0747532861767499,0.0639193498618872,0.256280879294708,0.31288143584512,0.284581157569914,4
"143",3,1400,0.594176540200569,0.585661543912894,0.589919042056732,0.536189147852476,0.527755604495802,0.531972376174139,0.666227191968465,0.657840550095776,0.662033871032121,0.187883310024711,0.223881837487884,0.205882573756298,0.0681817917504312,0.105015781373077,0.0865987865617542,0.245308390403171,0.230676367477365,0.237992378940268,7
"144",4,1400,0.591256372865675,0.584907472061984,0.588081922463829,0.532689549475191,0.526943393181496,0.529816471328344,0.664292330990017,0.657199835103452,0.660746083046735,0.264311195279097,0.229950005364722,0.247130600321909,0.11182129901379,0.107943971532148,0.109882635272969,0.295690002913747,0.238523517278506,0.267106760096127,7
"145",5,1400,0.530717834701707,0.5292291714845,0.529973503093104,0.57940112132858,0.578219430755524,0.578810276042052,0.48958150312347,0.487892000300622,0.488736751712046,0.286497959102816,0.35102005414714,0.318759006624978,0.113858645843875,0.129035359906249,0.121447002875062,0.316242225332941,0.357045011938941,0.336643618635941,4
"146",1,1450,0.541831801714116,0.541936586166075,0.541884193940096,0.591522010839731,0.592248036937703,0.591885023888717,0.499842995668689,0.499503758703768,0.499673377186228,0.27537036945149,0.28422552812953,0.27979794879051,0.107236985968785,0.135768618117623,0.121502802043204,0.304773328716248,0.319576683843112,0.31217500627968,4
"147",2,1450,0.570605921259787,0.568891568139822,0.569748744699805,0.496673283052965,0.495727904606745,0.496200593829855,0.670398552154137,0.667390653562742,0.66889460285844,0.273426965882473,0.0880508933309206,0.180738929606697,0.117571622410473,0.0558721765952136,0.0867218995028432,0.304993340951236,0.0839917882780254,0.194492564614631,8
"148",3,1450,0.591588293198943,0.58357118887379,0.587579741036367,0.533228633033143,0.526224922760114,0.529726777896628,0.664292330990017,0.654944940310435,0.659618635650226,0.178129733755043,0.228045506680015,0.203087620217529,0.0682978583718692,0.107226370027325,0.087762114199597,0.216730912237173,0.233653917777772,0.225192415007472,7
"149",4,1450,0.54132833722859,0.540992915045028,0.541160626136809,0.591117896224615,0.591187143372066,0.591152519798341,0.499274685077852,0.498655043851258,0.498964864464555,0.278346202817238,0.291971505257122,0.28515885403718,0.109160299634059,0.137116029519159,0.123138164576609,0.309383844851462,0.326816447350831,0.318100146101147,4
"150",5,1450,0.544568580768308,0.538025197686276,0.541296889227292,0.594652904872368,0.588578917264011,0.59161591106819,0.502265533774437,0.495468812044648,0.498867172909543,0.283181869751241,0.304428653793923,0.293805261772582,0.111865633949833,0.141062155742651,0.126463894846242,0.314567711306417,0.340022677460525,0.327295194383471,4
"151",1,1500,0.405855222123547,0.409550266662661,0.407702744393104,0.430173824002134,0.434318362199812,0.432246093100973,0.384139059201707,0.38745468975985,0.385796874480779,0.270719724505973,0.251725041261049,0.261222382883511,0.0666206512762296,0.0738304799699497,0.0702255656230897,0.313109185384658,0.317210134931009,0.315159660157833,4
"152",2,1500,0.504817804105996,0.497846262451202,0.501332033278599,0.50496025238962,0.49704294005464,0.50100159622213,0.504675436168463,0.498652185715772,0.501663810942117,0.09589302103894,0.0653197878331292,0.0806064044360346,0.0376153617581571,0.0498749385056757,0.0437451501319164,0.107641200467697,0.112823842218826,0.110232521343262,5
"153",3,1500,0.403358313584553,0.407117701678451,0.405238007631502,0.427229535069247,0.431589855917879,0.429409695493563,0.382013513112869,0.385271884734303,0.383642698923586,0.204589932436301,0.258690773215673,0.231640352825987,0.0489783466494349,0.0750491487191568,0.0620137476842958,0.253417165505925,0.321610340076173,0.287513752791049,4
"154",4,1500,0.404834513571344,0.408593767054691,0.406714140313018,0.42888516420832,0.433245485056952,0.431065324632636,0.383338016424127,0.386596388045562,0.384967202234844,0.203898385787769,0.254661914039693,0.229280149913731,0.0485456765262907,0.0738616802791217,0.0612036784027062,0.252815161693871,0.317967015625499,0.285391088659685,4
"155",5,1500,0.539621657487012,0.531162502572373,0.535392080029692,0.58955240665767,0.580759943806864,0.585156175232267,0.49748807917229,0.489369859807396,0.493428969489843,0.289009525869711,0.303991196811917,0.296500361340814,0.11560804272124,0.139511552362777,0.127559797542009,0.323412285860313,0.342488658558061,0.332950472209187,4
"156",1,1550,0.507110610415042,0.500939316264682,0.504024963339862,0.509569399150784,0.502646031778707,0.506107715464746,0.504675436168463,0.499244151705267,0.501959793936865,0.060339565448876,0.126018147564866,0.0931788565068712,0.0294318916859044,0.0583359328693471,0.0438839122776258,0.0625551004644636,0.147567542624694,0.105061321544579,5
"157",2,1550,0.396649813025642,0.403591242546373,0.400120527786008,0.419561048927621,0.42749077359519,0.423525911261405,0.376111266887762,0.382222503933623,0.379166885410692,0.272614641197437,0.255634036085434,0.264124338641436,0.0695177674195331,0.0756036981399918,0.0725607327797625,0.313712850151911,0.317306941153387,0.315509895652649,4
"158",3,1550,0.40609561801971,0.409609741853572,0.407852679936641,0.430443456627682,0.434527536339003,0.432485496483343,0.384354765302146,0.38739475634393,0.385874760823038,0.253570842353644,0.256998468297044,0.255284655325344,0.0601727108242856,0.0747562052302093,0.0674644580272475,0.290101319563582,0.321553175993096,0.305827247778339,4
"159",4,1550,0.503688076366293,0.498337040025987,0.50101255819614,0.506491394439871,0.500602833289272,0.503547113864571,0.500915618979185,0.496091664895156,0.498503641937171,0.0657094273632061,0.130992026509478,0.0983507269363418,0.0290659091872435,0.0648233696996081,0.0469446394434258,0.072873848401301,0.165514557361592,0.119194202881447,5
"160",5,1550,0.418119493397411,0.41925576000381,0.41868762670061,0.445330605217279,0.446472357928562,0.445901481572921,0.394042261951601,0.395166713158492,0.394604487555047,0.120140012935736,0.268039641579154,0.194089827257445,0.0484405933409255,0.0827560689720557,0.0655983311564906,0.15068861185863,0.334390383306413,0.242539497582521,4
"161",1,1600,0.408041827415401,0.410675236499371,0.409358531957386,0.432482448107448,0.435436175666439,0.433959311886943,0.38621584354343,0.388578825590622,0.387397334567026,0.206654217556002,0.254927618156767,0.230790917856384,0.0519630378498585,0.0755493055826835,0.063756171716271,0.254170027526857,0.319649591665171,0.286909809596014,4
"162",2,1600,0.409114545694948,0.409714123894385,0.409414334794667,0.433972068482116,0.435358275067412,0.434665171774764,0.38695038205842,0.386922983690293,0.386936682874357,0.242624304502856,0.260803542755533,0.251713923629194,0.0609590890230552,0.0760740769578351,0.0685165829904451,0.272920603491249,0.327288361917045,0.300104482704147,4
"163",3,1600,0.41411154138585,0.418624007781756,0.416367774583803,0.440598171679744,0.446256194630215,0.443427183154979,0.390628826361136,0.394214258029753,0.392421542195445,0.0403729823755974,0.282109929213088,0.161241455794343,0.00853873911470859,0.0880316877354471,0.0482852134250779,0.0633819404285675,0.341477977577246,0.202429959002907,4
"164",4,1600,0.401832837747783,0.406013914133871,0.403923375940827,0.425662385640439,0.430494141017416,0.428078263328928,0.380529908512351,0.38416804008666,0.382348974299506,0.25630654570942,0.257369859860349,0.256838202784884,0.0625101042238187,0.0734233543962121,0.0679667293100154,0.291481530996008,0.32046946459301,0.305975497794509,4
"165",5,1600,0.54132833722859,0.537831942260432,0.539580139744511,0.591117896224615,0.588048470780019,0.589583183502317,0.499274685077852,0.495517146529971,0.497395915803912,0.278048611169164,0.298766784449483,0.288407697809323,0.108891938556191,0.139439097901894,0.124165518229042,0.308558522663522,0.332062293345883,0.320310408004702,4
"166",1,1650,0.513688259719449,0.512567865279793,0.513128062499621,0.49063866208647,0.489613632889942,0.490126147488206,0.539010296942789,0.537780261906955,0.538395279424872,0.262742729864383,0.0510352973690283,0.156889013616706,0.10443250787629,0.0310123511010892,0.0677224294886894,0.308360191342317,0.0602251671512515,0.184292679246784,6
"167",2,1650,0.401832837747783,0.404249485217179,0.403041161482481,0.425662385640439,0.428515080751839,0.427088733196139,0.380529908512351,0.382584791874198,0.381557350193275,0.085329366017488,0.264221922803106,0.174775644410297,0.034976411070621,0.0760419554420822,0.0555091832563516,0.116160355607976,0.326402790036713,0.221281572822345,4
"168",3,1650,0.50162354773919,0.494671271124989,0.49814740943209,0.504340797199037,0.497665075968006,0.501002936583521,0.498935420959383,0.491713270570207,0.495324345764795,0.0681928250523151,0.136105287191695,0.102149056122005,0.030753078485091,0.0660023663691026,0.0483777224270968,0.0674069016110468,0.168372531198083,0.117889716404565,5
"169",4,1650,0.428281903552308,0.428023346590183,0.428152625071246,0.456601520904478,0.456039847470093,0.456320684187286,0.403270043539225,0.40324995707212,0.403260000305672,0.0327308353155459,0.285765359932772,0.159248097624159,0.00125358115992015,0.0921232841323405,0.0466884326461303,0.0600711894389863,0.349492593641972,0.204781891540479,4
"170",5,1650,0.540556333649196,0.537992121945571,0.539274227797383,0.590142452805337,0.587399175974377,0.588770814389857,0.498657172120813,0.496251629180756,0.497454400650784,0.279259253406717,0.295949220036128,0.287604236721423,0.109225314040704,0.138010150734942,0.123617732387823,0.309864809958856,0.329587241849472,0.319726025904164,4
"171",1,1700,0.401832837747783,0.404714572909512,0.403273705328647,0.425662385640439,0.428894463274079,0.427278424457259,0.380529908512351,0.383115570619263,0.381822739565807,0.259676313089206,0.258909607159355,0.25929296012428,0.061477384928676,0.0733526002744539,0.0674149926015649,0.304788321053009,0.323264582674834,0.314026451863922,4
"172",2,1700,0.502500015711517,0.499965287282228,0.501232651496873,0.505101164775062,0.502327968600142,0.503714566687602,0.499925519969284,0.497624727487711,0.498775123728497,0.0663939681651007,0.130188418543953,0.0982911933545267,0.0292007217027485,0.0645649918365656,0.0468828567696571,0.072484446616302,0.164269548029229,0.118376997322766,5
"173",3,1700,0.591515945071155,0.587636040747962,0.589575992909558,0.53311108849795,0.529474159935553,0.531292624216752,0.664292330990017,0.660152753927268,0.662222542458643,0.254613621790423,0.228045093466113,0.241329357628268,0.107495355145168,0.108136008839279,0.107815681992224,0.281395477274751,0.233272661764134,0.257334069519443,7
"174",4,1700,0.539703577917637,0.533632158971275,0.536667868444456,0.589291382418102,0.583222177846738,0.58625678013242,0.497813474032641,0.491814335337328,0.494813904684984,0.286027537206157,0.299072683096375,0.292550110151266,0.112884653571775,0.134068269307053,0.123476461439414,0.319493641928697,0.338124997576764,0.328809319752731,4
"175",5,1700,0.500681467548931,0.49805677780615,0.49936912267754,0.501179457847263,0.498489579010457,0.49983451842886,0.500184465911094,0.497624727487711,0.498904596699403,0.101904265357725,0.120529716525832,0.111216990941778,0.0438905286345484,0.0654428641415404,0.0546666963880444,0.10263237501808,0.163380008324655,0.133006191671368,5
"176",1,1750,0.400169797700868,0.401915064365174,0.401042431033021,0.423653590172341,0.426330360709976,0.424991975441159,0.379152757195344,0.380144748338096,0.37964875276672,0.294786815175935,0.261071079896183,0.277928947536059,0.0750957007877801,0.0726144973260924,0.0738550990569362,0.324293823273223,0.323650642098878,0.32397223268605,4
"177",2,1750,0.394717230942934,0.399691168899028,0.397204199920981,0.417247366307899,0.422824855899263,0.420036111103581,0.374495567464924,0.378957559138015,0.37672656330147,0.277079944523646,0.261785419820786,0.269432682172216,0.0683083293260862,0.0746063221990619,0.071457325762574,0.315240554507755,0.321816685659072,0.318528620083413,4
"178",3,1750,0.41478025105159,0.419079034507315,0.416929642779453,0.440040734561807,0.444862928496904,0.442451831529356,0.392262472706917,0.396120227854995,0.394191350280956,0.0354444160181109,0.279742923327064,0.157593669672587,0.00349492662546399,0.0886484408092925,0.0460716837173782,0.0636083995357366,0.337698077126095,0.200653238330916,4
"179",4,1750,0.399266718861907,0.404780876812414,0.40202379783716,0.422784415197206,0.429111107241905,0.425947761219556,0.378227532157765,0.383061613066251,0.380644572612008,0.300923494790896,0.262104542133658,0.281514018462277,0.0754497970364266,0.0731276981747082,0.0742887476055674,0.349498842749258,0.325554691191469,0.337526766970363,4
"180",5,1750,0.590648684011239,0.585564293685472,0.588106488848356,0.532531567332088,0.528019227062983,0.530275397197536,0.663004824170596,0.657186370146232,0.660095597158414,0.29723121946975,0.191990201999505,0.244610710734628,0.132925147626221,0.106007600976347,0.119466374301284,0.331274487959503,0.234540026579228,0.282907257269365,7
"181",1,1800,0.399452739397854,0.403217596936518,0.401335168167186,0.42270425226947,0.426926387200042,0.424815319734756,0.37862582956124,0.382003537505699,0.38031468353347,0.207773040183274,0.262802134928316,0.235287587555795,0.0492531846990512,0.072853760070117,0.0610534723845841,0.254849208271368,0.32542948081706,0.290139344544214,4
"182",2,1800,0.591409748404662,0.588355721584417,0.58988273499454,0.533347690945382,0.530643846310901,0.531995768628141,0.66365781225205,0.660152753927268,0.661905283089659,0.176769908734029,0.226152951241396,0.201461429987713,0.0680588134907121,0.1073305323247,0.0876946729077061,0.209136178630889,0.231102018656932,0.220119098643911,7
"183",3,1800,0.422671276031452,0.425804516152894,0.424237896092173,0.452555819982652,0.455826603412184,0.454191211697418,0.396489100430566,0.399492743403904,0.397990921917235,0.0326755324288721,0.28220173938193,0.157438635905401,0.000475774022776497,0.088924940449497,0.0447003572361367,0.0577066091637243,0.343407232026872,0.200556920595298,4
"184",4,1800,0.390075424331162,0.391683417583006,0.390879420957084,0.411593856816969,0.414280226197062,0.412937041507015,0.37069520379677,0.37142418095765,0.37105969237721,0.288232214796969,0.261741163311217,0.274986689054093,0.0725043812233826,0.0747282000323195,0.0736162906278511,0.335069047207701,0.323152624458508,0.329110835833104,4
"185",5,1800,0.449248557769119,0.445090129707656,0.447169343738387,0.483332094640436,0.479110993744143,0.481221544192289,0.419655366433998,0.415580461661981,0.41761791404799,0.0276325094589906,0.286666273794171,0.157149391626581,0.0208268158155507,0.0935267020361612,0.057176758925856,0.0448412567753026,0.351419570264104,0.198130413519703,4
"186",1,1850,0.431943374059701,0.431949421872851,0.431946397966276,0.461237257572702,0.461244045790261,0.461240651681481,0.406148276003517,0.406153706577564,0.40615099129054,0.0342070370136156,0.290066671665292,0.162136854339454,-0.000108139302177923,0.0929653745666227,0.0464286176322224,0.062495447901241,0.353527286878363,0.208011367389802,4
"187",2,1850,0.397780602080549,0.404168505417713,0.400974553749131,0.421117748530539,0.42842425152936,0.42477100002995,0.376894198824431,0.382512128496216,0.379703163660323,0.270656636839327,0.260212680809136,0.265434658824232,0.0651874033478172,0.0718984166306627,0.0685429099892399,0.304728931217063,0.323970197547889,0.314349564382476,4
"188",3,1850,0.433691474531857,0.434769495430348,0.434230484981102,0.464142740599506,0.466850716290548,0.465496728445027,0.40698986815528,0.406813906365772,0.406901887260526,0.0289098644578203,0.292776068347133,0.160842966402477,-0.0014860598590224,0.0956151322467741,0.0470645361938759,0.0562045873510099,0.356268871942537,0.206236729646774,4
"189",4,1850,0.401184851843494,0.402757298445159,0.401971075144326,0.424935641454392,0.426841419752799,0.425888530603596,0.379948513163514,0.381245863074966,0.38059718811924,0.202631621115637,0.264731776068933,0.233681698592285,0.0476792833688792,0.0747626196596059,0.0612209515142426,0.251074257462734,0.327190165573463,0.289132211518098,4
"190",5,1850,0.397245050380853,0.401324890466251,0.399284970423552,0.420373621410139,0.425668361093716,0.423020991251927,0.376528782185582,0.379615148645088,0.378071965415335,0.288927011734415,0.260532255286505,0.27472963351046,0.0688709196474559,0.0731369916083031,0.0710039556278795,0.338380939429803,0.323025688761533,0.330703314095668,4
"191",1,1900,0.432459102955895,0.43247349914318,0.432466301049538,0.464834413933384,0.464962631745139,0.464898522839262,0.40429996357914,0.40422816991224,0.40426406674569,0.0267331339269408,0.294963182207648,0.160848158067294,-0.00222363520287753,0.0960314015985363,0.0469038831978294,0.0519377882404691,0.357844232699554,0.204891010470011,4
"192",2,1900,0.398801783074734,0.405357137598181,0.402079460336457,0.422405032674966,0.430470300718267,0.426437666696616,0.3776967534127,0.383012604210977,0.380354678811839,0.304434478794522,0.262801607096732,0.283618042945627,0.0761630340192769,0.073000773509592,0.0745819037644345,0.349435631952773,0.326344857298379,0.337890244625576,4
"193",3,1900,0.50084654840244,0.498560629985622,0.499703589194031,0.501180003050139,0.499158475331527,0.500169239190833,0.500513537180537,0.497964215013051,0.499238876096794,0.104294427891491,0.115838709940407,0.110066568915949,0.0394505659431729,0.0633859706481743,0.0514182682956736,0.116858944171144,0.152289855530847,0.134574399850995,5
"194",4,1900,0.419564621645074,0.419481872195313,0.419523246920193,0.448821460950069,0.448852522425457,0.448836991687763,0.393888629434212,0.393718889448746,0.393803759441479,0.0335479427934099,0.288215082435798,0.160881512614604,0.000991362521490751,0.0928805815472538,0.0469359720343723,0.0625135904305065,0.352631355973966,0.207572473202236,4
"195",5,1900,0.431922308074534,0.433057203927005,0.432489756000769,0.464118363802298,0.465506110006009,0.464812236904153,0.403903386694012,0.404837320437239,0.404370353565626,0.0274598011324435,0.290664236474352,0.159062018803398,-0.00251049286789096,0.0934757563868924,0.0454826317595007,0.053149917088988,0.35386278721799,0.203506352153489,4
"196",1,1950,0.425398181889176,0.428699724712171,0.427048953300673,0.456445474282286,0.460385067995005,0.458415271138646,0.398305550696547,0.401094939641906,0.399700245169226,0.0306395960123543,0.285963500985988,0.158301548499171,-0.0011842251801097,0.0903697543939226,0.0445927646069065,0.0552366632088711,0.349672347760789,0.20245450548483,4
"197",2,1950,0.3972002023697,0.399159542687336,0.398179872528518,0.420466846079091,0.42280627400127,0.421636560040181,0.376373476863273,0.378017746473744,0.377195611668508,0.217353524617035,0.259210770341299,0.238282147479167,0.0528553637717817,0.0726062426865227,0.0627308032291522,0.265004207224094,0.323445980918077,0.294225094071086,4
"198",3,1950,0.400752801051989,0.407605478887084,0.404179139969537,0.424451081863873,0.432136967384933,0.428294024624403,0.379560865491098,0.385709573907947,0.382635219699522,0.207640850099827,0.263031058310577,0.235335954205202,0.049026235391885,0.0722945788769673,0.0606604071344262,0.253027890203778,0.326831191720641,0.28992954096221,4
"199",4,1950,0.442972253788624,0.44297829584335,0.442975274815987,0.478752245229925,0.478759033447484,0.478755639338705,0.412168462850607,0.412173893424654,0.41217117813763,0.0264085777429913,0.289866292169067,0.158137434956029,-0.00259853332125535,0.0960286851490274,0.0467150759138861,0.044413402732404,0.355930014472289,0.200171708602347,4
"200",5,1950,0.589371012897767,0.585442307807492,0.58740666035263,0.531584720297422,0.528228933397079,0.52990682684725,0.661252985927968,0.656554884267488,0.658903935097727,0.143866007735934,0.195049664568679,0.169457836152307,0.0573488187763023,0.110551787679698,0.0839503032280003,0.187579870603568,0.236007235983788,0.211793553293678,7
"201",1,2000,0.396056469186644,0.399329636382178,0.397693052784411,0.420037162449953,0.423570271908125,0.421803717179039,0.374666093596326,0.377713360383643,0.376189726989985,0.279730385762712,0.26718172262791,0.273456054195311,0.0700029321077143,0.0748309972783101,0.0724169646930122,0.313408790453795,0.331169175671612,0.322288983062703,4
"202",2,2000,0.397637171055163,0.402362605547421,0.399999888301292,0.421531967768345,0.426832372650808,0.424182170209577,0.376306033984791,0.380546357890762,0.378426195937776,0.20847449468943,0.267700794309159,0.238087644499294,0.0485698842702081,0.0752542821953291,0.0619120832327686,0.252252915756674,0.331534934559143,0.291893925157908,4
"203",3,2000,0.50195683161008,0.50192674614997,0.501941788880025,0.508509951115479,0.506538788393313,0.507524369754396,0.495570462072602,0.497397931527046,0.496484196799824,0.0835201727065751,0.137660588451466,0.11059038057902,0.0340216296735973,0.0662089520859141,0.0501152908797557,0.0887568981434649,0.168052830790978,0.128404864467221,5
"204",4,2000,0.38801859243059,0.389892734605056,0.388955663517823,0.410761218427775,0.412717835161649,0.411739526794712,0.36766222918009,0.369459982415033,0.368561105797562,0.237012157972857,0.264303912151158,0.250658035062008,0.0558820138244843,0.075730458836331,0.0658062363304077,0.278813070181731,0.327264551925527,0.303038811053629,4
"205",5,2000,0.393567154544489,0.399476542677132,0.396521848610811,0.41710675951955,0.424178626255041,0.420642692887296,0.372542550472783,0.377493190021374,0.375017870247078,0.250320231506085,0.26777617576031,0.259048203633197,0.0635918586689399,0.075170237741097,0.0693810482050185,0.302051848751207,0.331752920280623,0.316902384515915,4
