"","V1","V2","V3","V4","V5","V6","V7","V8","V9","V10","V11","V12","V13","V14","V15","V16","V17","V18","V19","V20","V21","V22","V23","V24","V25","V26","V27"
"1",1,0,0.447586218893558,0.440941584763281,0.363056773368051,0.417194859008297,0.438737833329902,0.456426131058484,0.388255621913791,0.427806528767393,0.456798855905999,0.426473210322095,0.340929518012851,0.408067194746982,-0.221680186310726,-0.152487080287074,-0.204904511935521,-0.193023926177774,0.0373201017809376,0.0331221803699355,0.0571110825143112,0.0425177882217281,-0.276723738899877,-0.198873539047523,-0.261536620663818,-0.245711299537073,8
"2",2,0,0.502258790545991,0.431266936448368,0.377569544160256,0.437031757051538,0.536894603327192,0.483551218397836,0.445724553121115,0.488723458282047,0.471820967909158,0.389185958076956,0.327493110761481,0.396166678915865,-0.21926330758853,-0.121168664314611,-0.195679821477283,-0.178703931126808,0.0349890766725588,0.0441162691766665,0.0713300287215278,0.0501451248569177,-0.274305735008173,-0.155401696297684,-0.257335932136092,-0.22901445448065,5
"3",3,0,0.454784046473924,0.440796426127121,0.361141688305727,0.418907386968924,0.432116356816699,0.437717240637323,0.393105942585994,0.420979846680005,0.479961570430821,0.443919240485438,0.333984703785731,0.419288504900663,-0.168732453219389,-0.143287178372956,-0.199531858214653,-0.170517163269,0.0393101553066371,0.0369819498497611,0.0594498707339521,0.0452473252967834,-0.207491391040782,-0.181954020344419,-0.257333997649288,-0.21559313634483,8
"4",4,0,0.503946175826484,0.445208469118283,0.375580502375981,0.441578382440249,0.540232013956875,0.521233224024979,0.448801680999935,0.503422306327263,0.472227974393059,0.388538042031407,0.322899960623538,0.394555325682668,-0.22052634470251,-0.134673701862405,-0.202451208608076,-0.18588375172433,0.0349136088870914,0.0420104010667787,0.071607067564713,0.0495103591728611,-0.274596429615049,-0.167014632718541,-0.266447456597812,-0.236019506310467,5
"5",5,0,0.466964686492543,0.419212493153246,0.373923402882572,0.420033527509454,0.419503294779975,0.39816657306168,0.372303185804146,0.3966576845486,0.526535379252771,0.442607426744934,0.375557783564954,0.44823352985422,-0.171686598584624,-0.232883703179573,-0.2101212805368,-0.204897194100332,0.0379762235393062,0.0472646564331682,0.0641108856435162,0.0497839218719969,-0.218286847252021,-0.291022891031195,-0.271229797575375,-0.260179845286197,11
"6",1,50,0.421037737160143,0.419042838105958,0.379054697348955,0.406378424205019,0.422438563146976,0.458903783845554,0.455392195994536,0.445578180995688,0.419646170876376,0.385553212955036,0.324635905738941,0.376611763190118,-0.121045671491806,-0.171131617083697,-0.211587948444301,-0.167921745673268,0.0442026967386764,0.033738053501994,0.0437484690832047,0.0405630731079584,-0.152401707460019,-0.216993597455206,-0.275618127559596,-0.215004477491607,7
"7",2,50,0.511432438968897,0.429618992794971,0.405677872247397,0.448909768003755,0.457603665801222,0.417089147785869,0.396634046613586,0.423775620066892,0.579613450839866,0.44292497625831,0.415143745588644,0.479227390895606,-0.0974312561520936,-0.192878503746641,-0.222604735313496,-0.170971498404077,0.0511429416295241,0.0378454889704517,0.0570132323028128,0.0486672209675962,-0.124132766076031,-0.241437623242017,-0.288694707872454,-0.218088365730167,10
"8",3,50,0.503996424508658,0.468966260237383,0.445973685692957,0.472978790146333,0.46664629008927,0.463949245089333,0.455643335078566,0.462079623419056,0.547845720510191,0.474092966705213,0.436705925454493,0.486214870889966,-0.113879210671193,-0.194567936672161,-0.223620719010892,-0.177355955451415,0.0466388172126776,0.0365907808607406,0.0463766407382376,0.0432020796038853,-0.143590001618658,-0.246545611206919,-0.291242742838791,-0.22712611855479,9
"9",4,50,0.466926168411119,0.418610424783315,0.372922398825875,0.419486330673436,0.454781997982263,0.454120354012955,0.454834642125578,0.454578998040266,0.47973671150957,0.388251137240064,0.316011197114232,0.394666348621289,-0.125152959652332,-0.117627249184107,-0.211177171083104,-0.151319126639848,0.0444439816280848,0.0335544730255431,0.0440129444612802,0.040670466371636,-0.158721057045695,-0.156055572190837,-0.276073373641605,-0.196950000959379,7
"10",5,50,0.46979703620923,0.4308641781235,0.381615736905679,0.427425650412803,0.459073714696815,0.457665012261297,0.457891122207225,0.458209949721779,0.481033303069777,0.407028608578947,0.327123575827729,0.405061829158818,-0.0509085904940463,-0.160368218386599,-0.210894085211333,-0.140723631363993,0.0431145537871006,0.037648558146651,0.0437491541461696,0.0415040886933071,-0.0674292590026588,-0.201708394856642,-0.270256824694029,-0.179798159517777,7
"11",1,100,0.468038652135341,0.422090366437554,0.427221598908262,0.439116872493719,0.418665932224368,0.403953314066866,0.385527522430999,0.402715589574077,0.530613160707076,0.441932648480267,0.479027524792552,0.483857777993299,-0.0835110339489445,-0.165119475401692,-0.208759679628339,-0.152463396326325,0.0558957487218524,0.034499311700097,0.0614953083582229,0.0506301229267241,-0.108446278111366,-0.20584915037137,-0.274680428927933,-0.196325285803556,12
"12",2,100,0.511184792825219,0.43962712774609,0.420229668228377,0.457013862933229,0.483772163510568,0.435533845565686,0.424535557774713,0.447947188950322,0.54189066875634,0.443798079762992,0.416010247398632,0.467232998639322,-0.11590600254657,-0.198277662870178,-0.157522263635098,-0.157235309683949,0.0443991982065302,0.0473149867739709,0.0366841287715833,0.0427994379173615,-0.142965315869111,-0.24486076529909,-0.205625124673047,-0.197817068613749,9
"13",3,100,0.497041817939071,0.439349075137939,0.390410552270194,0.442267148449068,0.455510842487466,0.438140305276046,0.411403985279275,0.435018377680929,0.546905671674404,0.440564533116668,0.371455633881535,0.452975279557536,-0.089695555808503,-0.179830499477576,-0.221918894385205,-0.163814983223762,0.0430979356868171,0.0373927024487069,0.0530335405608389,0.0445080595654543,-0.119828896911628,-0.230613801475611,-0.287895059539656,-0.212779252642298,9
"14",4,100,0.488717319255982,0.46216755096402,0.407481352734147,0.452788740984716,0.460468212383796,0.472528946609829,0.433841589510178,0.455612916167934,0.520659053450283,0.452250805005042,0.384140930496863,0.452350262984063,-0.0984148316420062,-0.140086010411722,-0.180875710374844,-0.139792184142857,0.0496311881395242,0.0348145795555916,0.0575112637685143,0.0473190104878767,-0.122461815754302,-0.177532072018761,-0.239012912643049,-0.179668933472037,8
"15",5,100,0.407258528152692,0.39483919016828,0.385144708508093,0.395747475609689,0.377536514303254,0.37558809487561,0.378964694325131,0.377363101167998,0.442060250330067,0.416170365106911,0.391529626901642,0.416586747446207,-0.130902272751787,-0.22380255785908,-0.208646256891338,-0.187783695834068,0.042077453425261,0.0568219321766779,0.0613215107439056,0.0534069654486148,-0.155014012005113,-0.281716953088542,-0.274992110307268,-0.237241025133641,10
"16",1,150,0.436586464240367,0.445260603077692,0.426576888271576,0.436141318529878,0.459418444242715,0.468977047740025,0.45228458755856,0.460226693180433,0.415916428674435,0.423827402485334,0.403634446168934,0.414459425776234,0.000905272312393628,-0.135969538526931,0.05863357041725,-0.0254768985990959,0.0529139192853779,0.0396561076546238,0.0600316327975363,0.0508672199125127,0.00285566564151767,-0.170618635010381,0.0550997003512039,-0.0375544230058865,6
"17",2,150,0.460370066126853,0.467391625254403,0.452803739334405,0.46018847690522,0.439668353377412,0.447004054849911,0.433687895078665,0.440120101101996,0.48311757856153,0.489727798407044,0.473682440014664,0.482175938994413,0.00167443873021956,-0.202135395237621,-0.116919180528889,-0.105793379012097,0.05451854603163,0.0520159355435825,0.0506538523153101,0.0523961112968409,-0.00132245702643594,-0.256315942847227,-0.160220198081525,-0.139286199318396,8
"18",3,150,0.439043464470845,0.446407878924252,0.432366532797626,0.439272625397574,0.461869424634872,0.469674663163667,0.455982278756251,0.462508788851597,0.418367409066591,0.425337474200885,0.411076498908035,0.41826046072517,0.00348314912640842,-0.136966547932415,0.0586822611322252,-0.024933712557927,0.0532852813828021,0.0392707193226724,0.060494728934631,0.0510169098800352,0.00477971146585612,-0.171163128358795,0.0541201135510067,-0.0374211011139773,6
"19",4,150,0.437713325047424,0.441322641563873,0.429352159810915,0.43612937547407,0.458935152334402,0.467019872922748,0.452976025749998,0.45964368366905,0.418367409066591,0.41830584363738,0.408070245901782,0.414914499535251,0.00188664090501597,-0.0893580624925686,0.0536827412983417,-0.011262893429737,0.0537231346722967,0.0382773274173131,0.0602084601551934,0.0507363074149344,0.00251372543036494,-0.119260742273058,0.0480538386225595,-0.0228977260733779,6
"20",5,150,0.46493606718876,0.448383722470486,0.425206719168216,0.446175502942487,0.445965089084806,0.449819429797215,0.426080102808926,0.440621540563649,0.485592773507533,0.446957150798327,0.424336908745705,0.452295611017188,-0.18099519369924,-0.0983195824603839,-0.228991838202326,-0.16943553812065,0.0473188030130889,0.0422271580963954,0.0590380126868245,0.0495279912654363,-0.230115479303964,-0.123573422121707,-0.295041069181731,-0.216243323535801,8
"21",1,200,0.457210853110247,0.464251287250247,0.451208012365278,0.457556717575257,0.43773794911205,0.445114785216586,0.434095081368256,0.438982605232297,0.478496932723058,0.485107152568572,0.469725571387975,0.477776552226535,-0.106665500464149,-0.198299767255585,-0.11789054463268,-0.140951937450805,0.0506434894856853,0.0473116237469328,0.0500231329538538,0.0493260820621573,-0.127214513169826,-0.25105891984667,-0.162225622143631,-0.180166351720042,8
"22",2,200,0.438396851939345,0.446407878924252,0.429119465841415,0.437974732235004,0.461054692185595,0.469674663163667,0.451906322506382,0.460878559285215,0.417861667982538,0.425337474200885,0.408520299497071,0.417239813893498,0.00506676958697686,-0.0895656135684507,0.0585038169584258,-0.00866500900768268,0.0539475480763164,0.0389760526672101,0.0604136438739965,0.0511124148725077,0.00599855102464364,-0.119656099232622,0.0534981484979052,-0.020053133236691,6
"23",3,200,0.438396851939345,0.445572795375695,0.429119465841415,0.437696371052152,0.461054692185595,0.469048096747627,0.451906322506382,0.460669703813201,0.417861667982538,0.424335315705664,0.408520299497071,0.416905761061758,0.00319958745317118,-0.134760573333908,0.0588086163473269,-0.02425078984447,0.0532082757281636,0.0391982498241144,0.0608846066318413,0.0510970440613731,0.0048500578497479,-0.169538379382812,0.0538406713601961,-0.0369492167242894,6
"24",4,200,0.417134365508711,0.425467250989778,0.409137553476045,0.417246389991512,0.420976394908603,0.428956271583,0.415137741916354,0.421690136135986,0.413361830222375,0.422034530071546,0.403308341139877,0.412901567144599,-0.021417745043755,-0.115455139651885,-0.0532758109555067,-0.0633828985503823,0.0563312899677477,0.0452158874714255,0.06271049410437,0.0547525571811811,-0.022424323795091,-0.148915457525281,-0.0843105272482091,-0.0852167695228603,7
"25",5,200,0.437864053381558,0.443266216702402,0.429119465841415,0.436749911975125,0.461152158072535,0.466747311113508,0.451906322506382,0.459935263897475,0.416814969109752,0.422034530071546,0.408520299497071,0.41578993289279,0.0028520813948648,-0.0887462418986083,0.0588086163473269,-0.00902851471880552,0.0531219844920675,0.038871413136721,0.0608846066318413,0.0509593347535433,0.00449205908638832,-0.119157533518816,0.0538406713601961,-0.0202749343574106,6
"26",1,250,0.453473633672188,0.456576255068372,0.446104263883887,0.452051384208149,0.436968718957379,0.439653454757787,0.431566382812019,0.436062852175728,0.471274318472291,0.474853966206167,0.461655744674613,0.46926134311769,0.0183019239581219,-0.19774576468693,-0.208149531022664,-0.129197790583824,0.0457029902627569,0.0637911459679559,0.0800955840765438,0.0631965734357522,0.0181573389605533,-0.255871544659629,-0.275227767164303,-0.170980657621126,8
"27",2,250,0.434940942835289,0.438759186369326,0.435417619028009,0.436372582744208,0.457062898962479,0.462484733452004,0.457538462322152,0.459028698245545,0.414861542676616,0.417349104865671,0.415337106036288,0.415849251192858,0.00613729638647415,-0.133668763252714,0.0544244788455193,-0.024368996006907,0.0549514617648211,0.0385275826531075,0.0589464150381469,0.0508084864853585,0.00759708175906631,-0.165037619073556,0.0491665205839275,-0.0360913389101874,6
"28",3,250,0.444425596294107,0.450686252805832,0.435425770091728,0.443512539730556,0.467833031260171,0.473624074416192,0.459304119066612,0.466920408247658,0.423248873369744,0.429867577527234,0.413907504884277,0.422341318593752,0.0304067673422738,-0.135787241282224,0.0606368397547097,-0.0149145447284134,0.0626850290368045,0.039452763467452,0.0610787514045126,0.0544055146362564,0.0338724365290826,-0.168373479753269,0.0552191042233908,-0.0264273130002652,6
"29",4,250,0.464230313689303,0.466526846893253,0.455009400782295,0.461922187121617,0.446850882066535,0.449311007907916,0.439347239791974,0.445169709922142,0.483016333075791,0.4851145369581,0.471829512803511,0.479986794279134,-0.203647135062731,-0.210166317499889,-0.147335539582933,-0.187049664048518,0.0417155485903143,0.0556004649739417,0.0487035498704501,0.0486731878115687,-0.251752343852871,-0.26289532018608,-0.198064341775869,-0.23757066860494,8
"30",5,250,0.440943870008653,0.439845977963954,0.440323114986653,0.440370987653087,0.467801757527425,0.466707481433149,0.467183044792821,0.467230761251132,0.417002517643678,0.415908241549402,0.416383804909074,0.416431521367385,0.0384380195896202,-0.140691386936154,0.0186397900703852,-0.0278711924253828,0.0515129436807236,0.0454750515593961,0.065987108603906,0.0543250346146752,0.0409755918016822,-0.176179734772023,0.00485804961953473,-0.043448697783602,6
"31",1,300,0.451195517419377,0.45019964020823,0.451195517419377,0.450863558348994,0.430737545489796,0.428925951286897,0.430737545489796,0.430133680755496,0.473693701157895,0.473693701157895,0.473693701157895,0.473693701157895,-0.0115416690237246,-0.201619875997479,-0.109812540134183,-0.107658028385129,0.0580912219119054,0.0657234544007301,0.0542855613152727,0.0593667458759694,-0.0079338455792704,-0.253443345595954,-0.151560315639243,-0.137645835604823,8
"32",2,300,0.454335312179452,0.454335312179452,0.453293452767236,0.453988025708713,0.418608791794635,0.418608791794635,0.416843305491235,0.418020296360168,0.496729073928603,0.496729073928603,0.496729073928603,0.496729073928603,-0.150599354706571,-0.210307781940509,-0.202449510854527,-0.187785549167202,0.0565826573725885,0.0607133298319507,0.0651528961167805,0.0608162944404399,-0.194007905209012,-0.262326167015564,-0.262771456002866,-0.239701842742481,11
"33",3,300,0.434401192739689,0.434401192739689,0.435955957710861,0.43491944773008,0.455872422772003,0.455872422772003,0.458728938512628,0.456824594685545,0.414861542676616,0.414861542676616,0.415337106036288,0.415020063796507,0.00536358809742743,-0.134389334955976,0.0565727392765075,-0.024151002527347,0.0548596297184289,0.039733421684284,0.058487115654616,0.051026722352443,0.00846387823192886,-0.166962395005864,0.0531990274771256,-0.0350998297656032,6
"34",4,300,0.429564341068687,0.431322573743919,0.43004103222375,0.430309315678785,0.451566877041247,0.455501674832467,0.452042440400919,0.453036997424878,0.40960632729676,0.409581047637723,0.410081890656432,0.409756421863638,0.0615188263388155,-0.0884043041748735,0.0537453158685578,0.00895327934416658,0.0593608438818641,0.0370731165003961,0.0572332941797934,0.0512224181873512,0.0698042518230601,-0.115968277785965,0.0489703052210738,0.00093542641938976,6
"35",5,300,0.448750507573885,0.453284615783442,0.453661549230673,0.451898890862667,0.427120916908725,0.431310449729489,0.431993509838778,0.430141625492331,0.472687615870441,0.477618035062791,0.477618035062791,0.475974561998675,-0.0144121469901788,-0.0162381208215959,-0.132473391736485,-0.0543745531827532,0.0550891340892068,0.0420344383032735,0.0579101203596849,0.0516778975840551,-0.0133036935076829,-0.0229030091347176,-0.170117500420991,-0.0687747343544639,8
"36",1,350,0.429209894606298,0.428100095664808,0.429203187147759,0.428837725806288,0.418987391185867,0.418683607440799,0.418981975593293,0.418884324739986,0.439943692315004,0.437949896247956,0.439935568926142,0.439276385829701,-0.0231027882340733,-0.213321032451021,-0.212574845261637,-0.149666221982244,0.0425311736097807,0.0604730090070443,0.0701742993822802,0.0577261606663684,-0.0355072418140762,-0.270759035548683,-0.276621892461937,-0.194296056608232,9
"37",2,350,0.418042016798378,0.417061050397834,0.418042016798378,0.417715027998197,0.423860339060234,0.421848266625626,0.423860339060234,0.423189648248698,0.412381267518334,0.412381267518334,0.412381267518334,0.412381267518334,0.00547240242486196,-0.143045196449103,-0.0236267209244157,-0.0537331716495523,0.0459889165742309,0.0440573639702134,0.0608142721877509,0.0502868509107317,0.006131417074427,-0.174952254665614,-0.0404504798020568,-0.069757105797748,7
"38",3,350,0.432907176554423,0.435364506490982,0.437028247730474,0.435099976925293,0.456191934733774,0.458642915125931,0.46110989089358,0.458648246917762,0.411883967148911,0.414334947541068,0.415337106036288,0.413852006908756,0.00579434197455961,-0.136183789045158,0.0559516574910836,-0.024812596526505,0.0542042487879948,0.0383392617024204,0.0583211861925836,0.0502882322276662,0.00823582835619301,-0.168687336163169,0.0537448728942074,-0.0355688783042561,6
"39",4,350,0.416598401818219,0.418878521510941,0.416892974079919,0.417456632469693,0.421422009166121,0.423522849502255,0.420978353442962,0.421974404037113,0.411883967148911,0.414334947541068,0.412886125644131,0.413035013444703,-0.0202613387362244,-0.170326866590433,-0.0229799151910293,-0.0711893735058956,0.0584705450658112,0.0426118325861565,0.0605337964624788,0.0538720580381488,-0.0253145069562513,-0.214236334555058,-0.0405161294107048,-0.0933556569740045,7
"40",5,350,0.406281265216435,0.404393737959357,0.406281265216435,0.405652089464076,0.396885887761025,0.395514070377355,0.396885887761025,0.396428615299801,0.416132257016879,0.413681276624722,0.416132257016879,0.415315263552826,-0.0460180926574074,-0.0921266177861107,-0.113544964127991,-0.0838965581905029,0.0445131978389352,0.0426233897799677,0.0557752542959652,0.0476372806382893,-0.0542514023829563,-0.1198412019343,-0.158323964095912,-0.110805522804389,8
"41",1,400,0.452004624251562,0.449883333040395,0.450274608826516,0.450720855372824,0.432359749945833,0.430521514651715,0.431238727766469,0.431373330788006,0.473519656912449,0.471068676520292,0.471068676520292,0.471885669984344,-0.091362414962325,-0.0949015913601582,-0.117847869660946,-0.10137062532781,0.0500213276435139,0.0410070577351233,0.0557961793103421,0.0489415215629931,-0.122390642352394,-0.12035853132649,-0.158458718115917,-0.1337359639316,8
"42",2,400,0.457794255527762,0.461152671159205,0.458845013330732,0.4592639800059,0.453878933602299,0.458081523139087,0.45594932697704,0.455969927906142,0.461777715166509,0.464265277355564,0.461777715166509,0.462606902562861,0.0121759828527259,-0.0488266501325308,-0.130081443538721,-0.0555773702728419,0.0518572287791036,0.0468337103640536,0.0382821572768914,0.0456576988066829,0.016269238617513,-0.0686752739884291,-0.180374149394966,-0.0775933949219607,7
"43",3,400,0.408550284182607,0.408769297819574,0.405986876998348,0.407768819666843,0.4094245120262,0.40986465287127,0.406306473421365,0.408531879439612,0.407679781791949,0.407679781791949,0.405667782962566,0.407009115515488,-0.0361784235851138,-0.147294293062593,-0.141355842106649,-0.108276186251452,0.0566779096436169,0.0425321058551716,0.0527502357623413,0.0506534170870433,-0.0381261312267185,-0.183067212681173,-0.195934775773494,-0.139042706560462,8
"44",4,400,0.463849243892424,0.461353587739703,0.462796006450348,0.462666279360825,0.448302853255518,0.44672739720245,0.448443887969842,0.44782471280927,0.480512615014719,0.476969941906828,0.478097156077521,0.478526570999689,-0.0463818139067501,-0.170119178105792,-0.0904161713609773,-0.102305721124507,0.0476249735611158,0.0449995991782842,0.0529307292165551,0.0485184339853184,-0.0606192773377137,-0.208150205445919,-0.124400798708959,-0.131056760497531,8
"45",5,400,0.454083674921324,0.452519743257478,0.451704354530733,0.452769257569845,0.436571627666177,0.435437597000896,0.434260419399086,0.43542321468872,0.473059341257871,0.470996874186601,0.470608360865714,0.471554858770062,-0.0927821382096049,-0.169913839450605,-0.0897403756880135,-0.117478784449408,0.0565543923769403,0.0445503934201193,0.0553748746885472,0.0521598868285356,-0.114244104744364,-0.205917434441459,-0.124114110661369,-0.148091883282398,8
"46",1,450,0.459337777801168,0.459337777801168,0.460310337812636,0.459661964471657,0.460242206464724,0.460242206464724,0.462199153627151,0.460894522185533,0.458436896777973,0.458436896777973,0.458436896777973,0.458436896777973,0.0183472454994109,-0.153845623870568,-0.121472958481454,-0.0856571122842038,0.0507254760114144,0.0370956822440597,0.040078536715485,0.0426332316569864,0.0249552566164101,-0.194268739746976,-0.17503996095686,-0.114784481362475,7
"47",2,450,0.450539176890051,0.450539176890051,0.454843475121502,0.451973942967201,0.431415906988201,0.431415906988201,0.436209813798236,0.433013875924879,0.471436426818921,0.471436426818921,0.475140130522624,0.472670994720155,-0.0472308391121818,-0.164767057060987,-0.123550483227404,-0.111849459800191,0.0450720129290439,0.0447499877367967,0.0598722256122235,0.0498980754260214,-0.0550327682168544,-0.20666083579751,-0.166623148748358,-0.142772250920907,8
"48",3,450,0.448368237578616,0.446242811623125,0.446242811623125,0.446951286941622,0.432769715456642,0.430931480162525,0.430931480162525,0.431544225260564,0.465133253918202,0.462682273526046,0.462682273526046,0.463499266990098,-0.0602711690567768,-0.140568771711555,-0.0803370572851927,-0.0937256660178416,0.0483055236966494,0.0423067157660446,0.056922139781096,0.0491781264145967,-0.0787378433224675,-0.170301103735697,-0.120277618805943,-0.123105521954703,8
"49",4,450,0.45207039573596,0.451804599406129,0.453824288234435,0.452566427792175,0.432335042195988,0.431849111059372,0.43555464465621,0.433246265970523,0.473693701157895,0.473693701157895,0.473693701157895,0.473693701157895,-0.100020381282938,-0.00813366725675894,-0.134270675582729,-0.0808082413741422,0.0504923111604279,0.0628462761748647,0.0563532525965331,0.0565639466439419,-0.120087140397286,0.0132737455303106,-0.183906766610117,-0.0969067204923639,8
"50",5,450,0.463650324561829,0.463650324561829,0.461781830885773,0.463027493336477,0.463913504310909,0.463913504310909,0.462188933885724,0.463338647502514,0.463387443249025,0.463387443249025,0.461375444419642,0.462716776972564,0.0118661311181666,-0.154008858099919,-0.123062046397322,-0.088401591126358,0.0500054076941255,0.0377135202534945,0.0395623355130637,0.0424270878202279,0.017972955382468,-0.193967783022819,-0.17348052271926,-0.116491783453204,7
"51",1,500,0.406363174776585,0.409168183219315,0.408072262941606,0.407867873645835,0.406166002324187,0.409824244797378,0.407631262341237,0.407873836487601,0.406560538755885,0.408514218778618,0.408514218778618,0.407862992104374,0.0113068130407225,-0.155656132801819,-0.159040872169351,-0.101130063976816,0.0562950285080459,0.0430084366759103,0.0590842860879519,0.052795917090636,0.011620818250745,-0.189818428502975,-0.21557424446161,-0.131257284904613,8
"52",2,500,0.426606222986756,0.426606222986756,0.426854850774857,0.426689098916123,0.411702306217277,0.411702306217277,0.41216567564465,0.411856762693068,0.442629734699052,0.442629734699052,0.442629734699052,0.442629734699052,-0.0183616923760986,-0.148237953150673,-0.0915579397114702,-0.0860525284127473,0.056219482122001,0.0458091593757178,0.0595312492510913,0.05385329691627,-0.0266618780466993,-0.181101426699091,-0.12206703962378,-0.10994344812319,9
"53",3,500,0.406261326408324,0.406261326408324,0.406261326408324,0.406261326408324,0.407841086918449,0.407841086918449,0.407841086918449,0.407841086918449,0.40469375698854,0.40469375698854,0.40469375698854,0.40469375698854,-0.0600764364766154,-0.0856873647601877,-0.145312449876805,-0.0970254170378695,0.046123925785848,0.0460998573741794,0.0469494165562887,0.0463910665721054,-0.0616809795891847,-0.109850026150972,-0.193893242112,-0.121808082617386,8
"54",4,500,0.433851025987801,0.433851025987801,0.436311877004316,0.434671309659973,0.463337163005763,0.463337163005763,0.46578814339792,0.464154156469815,0.407893262227355,0.407893262227355,0.410344242619512,0.408710255691407,0.0342155719003174,-0.141291901824095,0.00990634540361768,-0.0323899948400532,0.050756987007024,0.0442638327390595,0.0625356676936281,0.0525188291465705,0.03452931852649,-0.177648763375388,-0.00283202158754219,-0.0486504888121466,6
"55",5,500,0.462315224986925,0.462315224986925,0.462651334137736,0.462427261370529,0.464782628207799,0.464782628207799,0.465462540574649,0.465009265663416,0.459873880955971,0.459873880955971,0.459873880955971,0.459873880955971,0.0491275020966185,-0.156153162830968,-0.110328057259799,-0.0724512393313828,0.0512057524940542,0.0438241808819493,0.0453052168254948,0.0467783834004994,0.05897872095429,-0.198395103677522,-0.159875454212916,-0.0997639456453827,7
"56",1,550,0.437322582660863,0.437322582660863,0.436272833820123,0.436972666380617,0.462244999009705,0.462244999009705,0.461198300136919,0.461896099385443,0.414950118616233,0.414950118616233,0.413903419743447,0.414601218991971,0.00800641365935684,-0.13604388260001,-0.0467243055066037,-0.0582539248157522,0.0552953834897095,0.0403206904012657,0.0445183257884129,0.046711466559796,0.0130986033200532,-0.168549940592527,-0.0671853342738444,-0.0742122238487728,6
"57",2,550,0.432764847336113,0.430648126653448,0.432764847336113,0.432059273775225,0.45777711426013,0.45566672464974,0.45777711426013,0.457073651056667,0.410344242619512,0.408233853009122,0.410344242619512,0.409640779416049,0.00665376190818721,-0.1341866500581,-0.050310200742552,-0.0592810296308216,0.055555542746951,0.0399341038611514,0.0422599987224412,0.0459165484435145,0.00720382092812064,-0.166982616348329,-0.0692980740152991,-0.0763589564785024,6
"58",3,550,0.434851469642341,0.436508543287812,0.437311143625607,0.43622371885192,0.462471949940881,0.461833699302631,0.464922930333038,0.463076193192183,0.410344242619512,0.413816464841734,0.412795223011669,0.412318643490972,0.00663885404401737,-0.137840770882303,-0.0469291636718785,-0.0593770268367212,0.0532005917422454,0.037693430124486,0.0418481335374404,0.0442473851347239,0.01049099972101,-0.170642116862956,-0.0662148650113062,-0.0754553273844175,6
"59",4,550,0.405462796196438,0.405756783613088,0.405756783613088,0.405658787807538,0.405681790248716,0.406270827947128,0.406270827947128,0.406074482047657,0.405244038450159,0.405244038450159,0.405244038450159,0.405244038450159,-0.0683713858885252,-0.195612666302499,-0.160670268583898,-0.141551440258307,0.0416083226348562,0.0444293492173319,0.0566166528683265,0.0475514415735049,-0.0739035818160599,-0.241117150136494,-0.21147622640851,-0.175498986120355,8
"60",5,550,0.447411471595262,0.447411471595262,0.447411471595262,0.447411471595262,0.432710490627666,0.432710490627666,0.432710490627666,0.432710490627666,0.46314649048025,0.46314649048025,0.46314649048025,0.46314649048025,-0.0449402466177505,-0.143503222673722,0.00940756765552763,-0.0596786338786483,0.0495128624880681,0.0403328087800762,0.0618221535461879,0.0505559416047774,-0.0561655529851363,-0.176339077808688,-0.00451335588727085,-0.0790059955603652,8
"61",1,600,0.433605833382802,0.433605833382802,0.433605833382802,0.433605833382802,0.455912853318291,0.455912853318291,0.455912853318291,0.455912853318291,0.413379877686724,0.413379877686724,0.413379877686724,0.413379877686724,0.00527596948023406,-0.0937470373092835,-0.0475000138641086,-0.0453236938977194,0.0530088296731374,0.0382930266700725,0.0459025194840282,0.0457347919424127,0.00744967406431633,-0.12159709804511,-0.0746648437272524,-0.0629374225693486,6
"62",2,600,0.423144591950795,0.423144591950795,0.420863291010801,0.422384158304131,0.429090779161905,0.429090779161905,0.426989938825771,0.42839049904986,0.417360952500371,0.417360952500371,0.414909972108214,0.416543959036318,-0.0228844616179243,-0.0508917108482487,-0.0427426198093401,-0.038839597425171,0.0591860759408568,0.0417434989080636,0.0628327282883725,0.0545874343790976,-0.0258140629469003,-0.0680548186626099,-0.0573448950373871,-0.0504045922156324,7
"63",3,600,0.461047069387118,0.463207199856021,0.461047069387118,0.461767112876753,0.447921262136083,0.449786933777874,0.447921262136083,0.448543152683347,0.474965372576442,0.477452934765497,0.474965372576442,0.475794559972793,0.0544350649575633,-0.21492633356263,-0.128482334834937,-0.0963245344800013,0.0681372112214357,0.0428752103605225,0.0577691443779253,0.0562605219866278,0.0678912951598633,-0.265616854952229,-0.164517211409737,-0.120747590400701,8
"64",4,600,0.416469665540872,0.416469665540872,0.417443538685553,0.416794289922432,0.422780734474426,0.422780734474426,0.424792806909034,0.423451425285962,0.410344242619512,0.410344242619512,0.410344242619512,0.410344242619512,-0.0233868707615907,0.042923424271831,-0.0477669428622378,-0.00941012978399914,0.0617318818692162,0.038595175388061,0.0600419510276474,0.0534563360949749,-0.0265931335706131,0.0450557889315083,-0.0645353758066683,-0.0153575734819243,7
"65",5,600,0.411257775426893,0.411257775426893,0.411257775426893,0.411257775426893,0.415672849091931,0.415672849091931,0.415672849091931,0.415672849091931,0.406935505550833,0.406935505550833,0.406935505550833,0.406935505550833,0.00210346362896422,-0.0962504761422522,-0.0271815044854043,-0.0404428389995641,0.0489697243930522,0.0455122433559558,0.062646259148344,0.0523760756324507,0.00045624169640673,-0.122969428528163,-0.0430709942697321,-0.0551947270338295,7
"66",1,650,0.437606903524488,0.438689390565856,0.437606903524488,0.437967732538278,0.463004481039789,0.464083728650027,0.463004481039789,0.463364230243202,0.414850743801545,0.415929991411782,0.414850743801545,0.415210493004957,0.00730763795689802,-0.136927943847136,-0.0536768371563446,-0.0610990476821942,0.0555514136121614,0.0397009743981123,0.041847601304398,0.0456999964382239,0.00943007354783649,-0.170337858226502,-0.0753657786503103,-0.0787578544429919,6
"67",2,650,0.49886732062465,0.496746320267097,0.494280664539904,0.496631435143884,0.476878442497799,0.475040207203682,0.47290345506693,0.47494070158947,0.522982036753285,0.520531056361128,0.517682053512125,0.520398382208846,-0.109203137438191,-0.176894469128591,-0.0874050805519376,-0.12450089570624,0.0487054655772555,0.0366037466880598,0.0439129021095332,0.0430740381249495,-0.128263615761248,-0.217487927550913,-0.126508034603725,-0.157419859305295,8
"68",3,650,0.452495102670148,0.452495102670148,0.452495102670148,0.452495102670148,0.43515794801113,0.43515794801113,0.43515794801113,0.43515794801113,0.471271041307623,0.471271041307623,0.471271041307623,0.471271041307623,-0.0708757720163831,-0.114001211998999,-0.0371529246985261,-0.0740099695713027,0.0509992616248141,0.0384080826837825,0.0608898191674848,0.0500990544920271,-0.0763946501171716,-0.143441128599554,-0.0593338812357355,-0.093056553317487,8
"69",4,650,0.450309086996878,0.450602048444562,0.450602048444562,0.450504394628667,0.439887230104265,0.440446693019866,0.440446693019866,0.440260205381333,0.461236759295645,0.461236759295645,0.461236759295645,0.461236759295645,0.0314127146769302,-0.200896776806857,-0.173428412950048,-0.114304158359992,0.061226853059063,0.0454835102365115,0.0607137630032736,0.055808042099616,0.0413025712754688,-0.241401700788253,-0.228911411961683,-0.143003513824822,8
"70",5,650,0.428729312856324,0.428729312856324,0.428464722653448,0.428641116122032,0.437769814314729,0.437769814314729,0.437218435868614,0.437586021499358,0.420054651951434,0.420054651951434,0.420054651951434,0.420054651951434,-0.0261613933995741,-0.143380232108921,0.00805276272837349,-0.0538296209267072,0.0549637201319458,0.0388998602523095,0.0505813669706533,0.0481483157849696,-0.0331541260401501,-0.173566396269921,-0.000749033267078413,-0.0691565185257165,7
"71",1,700,0.453005372799965,0.451166476792047,0.450880407571829,0.45168408572128,0.436822659796903,0.435517246327167,0.434984424502785,0.435774776875619,0.470433237159362,0.467982256767205,0.467982256767205,0.468799250231258,-0.0462963219769741,-0.139853379656397,0.00734830323445869,-0.0596004661329709,0.0477545924324765,0.0412753193353022,0.0622015787323479,0.0504104968333755,-0.057124536877004,-0.171530916049402,-0.00596072380074455,-0.0782053922423835,8
"72",2,700,0.43713717062988,0.43713717062988,0.43713717062988,0.43713717062988,0.461954060871722,0.461954060871722,0.461954060871722,0.461954060871722,0.414850743801545,0.414850743801545,0.414850743801545,0.414850743801545,0.00778496212532836,-0.0619840851110576,-0.0510282882814511,-0.0350758037557268,0.0546547177681939,0.036320207280784,0.0412465191704924,0.0440738147398234,0.0107772797999619,-0.0813034244632506,-0.0732651157105979,-0.0479304201246289,6
"73",3,700,0.402418968965234,0.402418968965234,0.402418968965234,0.402418968965234,0.401466043475071,0.401466043475071,0.401466043475071,0.401466043475071,0.40337642897349,0.40337642897349,0.40337642897349,0.40337642897349,-0.0499643948745367,-0.161123523668385,-0.165287567246717,-0.125458495263213,0.0511501533700427,0.0432772411443474,0.0512089465866409,0.048545447033677,-0.0529136638609297,-0.201364144740481,-0.223557194470904,-0.159278334357438,8
"74",4,700,0.41189976983789,0.41189976983789,0.41189976983789,0.41189976983789,0.404110468635621,0.404110468635621,0.404110468635621,0.404110468635621,0.419995253087476,0.419995253087476,0.419995253087476,0.419995253087476,-0.0893246804436446,-0.211556015596723,-0.228024355466292,-0.176301683835553,0.0495202646499071,0.0600812906297626,0.0623118126904615,0.0573044559900437,-0.114408229945327,-0.265046226670478,-0.292657038149628,-0.224037164921811,10
"75",5,700,0.431758178003704,0.431758178003704,0.431758178003704,0.431758178003704,0.42822477704116,0.42822477704116,0.42822477704116,0.42822477704116,0.435350374237664,0.435350374237664,0.435350374237664,0.435350374237664,0.0188351451762821,-0.140973891763283,-0.155284069080177,-0.0924742718890596,0.0547558973055318,0.0387358763645834,0.0579127394978172,0.0504681710559775,0.0315212467044898,-0.174583414275861,-0.201384593487179,-0.114815587019517,8
"76",1,750,0.448639110157076,0.448639110157076,0.451098787704078,0.449459002672743,0.477138950165071,0.477138950165071,0.479589930557228,0.477955943629123,0.423352001831328,0.423352001831328,0.425802982223485,0.424168995295381,0.00731542330697469,-0.141506633307089,-0.04577061023502,-0.0599872734117114,0.0527617676990736,0.0373872239002708,0.0430604711495668,0.0444031542496371,0.0130160649739587,-0.174716364996388,-0.0704362940465041,-0.0773788646896444,6
"77",2,750,0.424446660626733,0.424446660626733,0.424446660626733,0.424446660626733,0.411652714662372,0.411652714662372,0.411652714662372,0.411652714662372,0.43806137357021,0.43806137357021,0.43806137357021,0.43806137357021,-0.0967977878151202,-0.204661708033619,-0.229643867986187,-0.177034454611642,0.0528173277555088,0.0493776165197269,0.0500150404941847,0.0507366615898068,-0.119558939259851,-0.251943626243442,-0.28634776378821,-0.219283443097167,10
"78",3,750,0.432217915532004,0.432217915532004,0.432217915532004,0.432217915532004,0.417121416223946,0.417121416223946,0.417121416223946,0.417121416223946,0.448448196761374,0.448448196761374,0.448448196761374,0.448448196761374,-0.0883192503280436,-0.0566911816432939,-0.0342330181717159,-0.0597478167143511,0.0533198430691663,0.0460440677108345,0.0575515877879384,0.0523051661893131,-0.0979161355478568,-0.0675928862331036,-0.0563345002057426,-0.0739478406622344,8
"79",4,750,0.446331022001172,0.446331022001172,0.446331022001172,0.446331022001172,0.479542524558807,0.479542524558807,0.479542524558807,0.479542524558807,0.417421792439183,0.417421792439183,0.417421792439183,0.417421792439183,0.0356859966098301,-0.1446727006744,-0.0536258678830434,-0.0542041906492045,0.0602478614951538,0.0363766935802442,0.0390798657317111,0.045234806935703,0.0435378962221753,-0.178737356577659,-0.0745923733335666,-0.0699306112296834,6
"80",5,750,0.434269879938361,0.434269879938361,0.434269879938361,0.434269879938361,0.443365311817022,0.443365311817022,0.443365311817022,0.443365311817022,0.42554012345679,0.42554012345679,0.42554012345679,0.42554012345679,0.059955285337598,-0.147712073094709,-0.0197766422905595,-0.0358444766825569,0.0528017247315455,0.0408204075184057,0.0553037065550385,0.0496419462683299,0.0702047413977503,-0.178842535634111,-0.0349865183655266,-0.0478747708672958,7
"81",1,800,0.44343141112392,0.444225802314044,0.444225802314044,0.443961005250669,0.433650042588186,0.435172112603407,0.435172112603407,0.434664755931667,0.453664217457673,0.453664217457673,0.453664217457673,0.453664217457673,-0.0697826020593586,-0.120202307255406,-0.157412355926621,-0.115799088413795,0.0594838549720046,0.0428186397291255,0.052930709938783,0.0517444015466377,-0.0765688252861966,-0.148052939757982,-0.204369131957879,-0.142996965667353,9
"82",2,800,0.458943063978662,0.458943063978662,0.458943063978662,0.458943063978662,0.448527144540258,0.448527144540258,0.448527144540258,0.448527144540258,0.469854252068182,0.469854252068182,0.469854252068182,0.469854252068182,0.0415280665445672,-0.212610305432791,-0.205137420543973,-0.125406553144065,0.0631786295366218,0.0434462680844298,0.0561431227262219,0.0542560067824245,0.0517892688788781,-0.264705291476163,-0.268717538178222,-0.160544520258502,8
"83",3,800,0.461781830885773,0.461781830885773,0.462783912490133,0.462115858087227,0.462188933885724,0.462188933885724,0.464201006320332,0.46285962469726,0.461375444419642,0.461375444419642,0.461375444419642,0.461375444419642,0.0151067937279969,-0.117312506464551,-0.120883048040406,-0.0743629202589869,0.0492463690889988,0.0370410007751551,0.0391994017669756,0.0418289238770432,0.0204475223844778,-0.149870768596335,-0.168488843497056,-0.0993040299029711,7
"84",4,800,0.449677453322828,0.449677453322828,0.449677453322828,0.449677453322828,0.438683370135854,0.438683370135854,0.438683370135854,0.438683370135854,0.461236759295645,0.461236759295645,0.461236759295645,0.461236759295645,0.0570955702725843,-0.203694086680116,-0.175828937413239,-0.107475817940257,0.0644502896793349,0.043599417461021,0.0621791644108384,0.0567429571837314,0.0665569534135983,-0.241732500078154,-0.227761202086374,-0.134312249583643,8
"85",5,800,0.451615195588223,0.451615195588223,0.451098787704078,0.451443059626841,0.480758837629116,0.480758837629116,0.479589930557228,0.480369201938486,0.425802982223485,0.425802982223485,0.425802982223485,0.425802982223485,0.00953522142636369,-0.139973789631077,-0.0442616715791032,-0.0582334132612721,0.0531666538338274,0.0378775754527817,0.0429180044055137,0.0446540778973743,0.0159342473479655,-0.174483860755026,-0.0682277387840177,-0.0755924507303594,6
"86",1,850,0.40576359214681,0.40576359214681,0.405418140889782,0.405648441727801,0.404225002039391,0.404225002039391,0.402601625416015,0.403683876498266,0.407313939589209,0.407313939589209,0.408274341480462,0.40763407355296,-0.084752076941349,-0.182961948162528,-0.164812737028708,-0.144175587377528,0.0577781105241826,0.0457913378380635,0.0618234533432616,0.0551309672351692,-0.0904688334447412,-0.222829111238009,-0.2116695399741,-0.174989161552283,8
"87",2,850,0.444819667243219,0.444819667243219,0.444819667243219,0.444819667243219,0.473142753723228,0.473142753723228,0.473142753723228,0.473142753723228,0.419695990028771,0.419695990028771,0.419695990028771,0.419695990028771,0.00882726670803572,-0.137632342702304,-0.0463542418797102,-0.058386439291326,0.0530067158449342,0.036625467832988,0.041534975504175,0.0437223863940324,0.0137277564068489,-0.174621143949354,-0.0678626580975064,-0.076252015213337,6
"88",3,850,0.446305292271651,0.4484024667425,0.4484024667425,0.44770340858555,0.477021831987444,0.479110386707578,0.479110386707578,0.478414201800867,0.419305256427514,0.421393811147647,0.421393811147647,0.420697626240936,-0.0453628139469638,-0.142723374631151,0.0120808964091998,-0.0586684307229718,0.0559861831499793,0.0384419392961214,0.0565536451354286,0.0503272558605098,-0.0656381447377059,-0.178548547584406,0.00633223123863122,-0.0792848203611602,6
"89",4,850,0.462773845464438,0.462773845464438,0.462773845464438,0.462773845464438,0.422904678837222,0.422904678837222,0.422904678837222,0.422904678837222,0.510942767058903,0.510942767058903,0.510942767058903,0.510942767058903,-0.11192210994988,-0.188502604712895,-0.225686638063396,-0.175370450908724,0.0507427707753444,0.052304308732285,0.0573781688850098,0.0534750827975464,-0.149244540928193,-0.238225696233374,-0.28255582413625,-0.223342020432606,12
"90",5,850,0.454084772981596,0.454084772981596,0.454084772981596,0.454084772981596,0.456295270083854,0.456295270083854,0.456295270083854,0.456295270083854,0.451895589885786,0.451895589885786,0.451895589885786,0.451895589885786,0.0485386940505448,-0.158773663533758,-0.111242975892497,-0.0738259817919034,0.0487018419625057,0.0437907693239615,0.0430363559290955,0.0451763224051876,0.0555960712091489,-0.199737913029691,-0.158285600758654,-0.100809147526399,7
"91",1,900,0.456568782171709,0.456568782171709,0.456568782171709,0.456568782171709,0.45903639651143,0.45903639651143,0.45903639651143,0.45903639651143,0.454127555990645,0.454127555990645,0.454127555990645,0.454127555990645,0.0191905554988929,-0.119986767336778,-0.119442540726191,-0.0734129175213588,0.0506261604054896,0.0368509368950133,0.0401400758284323,0.0425390577096451,0.0238889950947631,-0.154070352936915,-0.167745930231747,-0.099309096024633,7
"92",2,900,0.464908648822235,0.464908648822235,0.464908648822235,0.464908648822235,0.466823650246281,0.466823650246281,0.466823650246281,0.466823650246281,0.463009294626942,0.463009294626942,0.463009294626942,0.463009294626942,0.0753343044619304,-0.119397037757143,-0.11744118273872,-0.0538346386779777,0.0573488369181556,0.0371317799816255,0.0427668383339029,0.0457491517445613,0.0848886562994114,-0.155227563953577,-0.166038403845442,-0.0787924371665357,7
"93",3,900,0.437016984257517,0.437016984257517,0.437811171826235,0.43728171344709,0.403602177062702,0.403602177062702,0.404959029165822,0.404054461097075,0.476464138478463,0.476464138478463,0.476464138478463,0.476464138478463,-0.0925923484851681,-0.0607328192734002,-0.141872644450102,-0.0983992707362235,0.0488072335950063,0.0646080039717085,0.058576570216696,0.0573306025944702,-0.119187887162525,-0.0740530098695903,-0.191470526952709,-0.128237141328275,11
"94",4,900,0.43967913467825,0.43967913467825,0.43967913467825,0.43967913467825,0.425760427652842,0.425760427652842,0.425760427652842,0.425760427652842,0.454538641994429,0.454538641994429,0.454538641994429,0.454538641994429,0.0156003311195734,-0.101610988857254,-0.0352908006139149,-0.0404338194505317,0.0563350814843146,0.0420060913529861,0.0572998648290696,0.0518803458887901,0.0214439076287396,-0.125290628159456,-0.0630435529659259,-0.0556300911655475,8
"95",5,900,0.438722562185132,0.438722562185132,0.438722562185132,0.438722562185132,0.429104677163328,0.429104677163328,0.429104677163328,0.429104677163328,0.448781479983298,0.448781479983298,0.448781479983298,0.448781479983298,-0.059374407919918,-0.143393510729686,-0.155492322147894,-0.119420080265833,0.0584020094446646,0.0417078785047842,0.048225929284968,0.0494452724114723,-0.0667657832105748,-0.172847905995838,-0.199227533335463,-0.146280407513959,9
"96",1,950,0.429804655147482,0.429804655147482,0.429804655147482,0.429804655147482,0.4402722597096,0.4402722597096,0.4402722597096,0.4402722597096,0.419823232323232,0.419823232323232,0.419823232323232,0.419823232323232,-0.0354759406884733,-0.106553064265057,-0.0229503426716496,-0.05499311587506,0.0544224158256652,0.0386950138127737,0.0531477922305825,0.0487550739563405,-0.0417860069365616,-0.131387954287129,-0.0373386903091657,-0.0701708838442854,7
"97",2,950,0.440416133691027,0.440416133691027,0.440416133691027,0.440416133691027,0.453049761370451,0.453049761370451,0.453049761370451,0.453049761370451,0.428467986971823,0.428467986971823,0.428467986971823,0.428467986971823,-0.0183738591179744,-0.146797547689951,-0.102133014080103,-0.0891014736293428,0.0600248530335366,0.0346165212009015,0.052027512437517,0.0488896288906517,-0.0163000081538504,-0.178866730725706,-0.136779985853841,-0.110648908244466,7
"98",3,950,0.459327677659844,0.459327677659844,0.459327677659844,0.459327677659844,0.439782699129114,0.439782699129114,0.439782699129114,0.439782699129114,0.480690704247863,0.480690704247863,0.480690704247863,0.480690704247863,-0.0432893134893678,-0.100875880878855,-0.0288868590320564,-0.0576840178000931,0.0479258790605299,0.0503517200071476,0.0657066770640498,0.0546614253772424,-0.0526439332173622,-0.138329040689145,-0.050385130974744,-0.0804527016270837,8
"99",4,950,0.457333497483984,0.457333497483984,0.457333497483984,0.457333497483984,0.458969793295925,0.458969793295925,0.458969793295925,0.458969793295925,0.455708827501782,0.455708827501782,0.455708827501782,0.455708827501782,0.0160576760696455,-0.153760450875013,-0.118152708284747,-0.0852851610300383,0.0509020592867446,0.0377095284758511,0.0413473802732255,0.0433196560119404,0.0209260145185712,-0.194882170154969,-0.163131511737587,-0.112362555791328,7
"100",5,950,0.41756117693717,0.419208432553197,0.420554749074335,0.419108119521568,0.403437661410385,0.404862162834886,0.406424395329322,0.404908073191531,0.432709436583554,0.434608771816222,0.435703047910499,0.434340418770092,0.00300979986284847,-0.174483028849935,-0.140191620017075,-0.103888283001387,0.0535742721013368,0.0427385493997526,0.0556120533161838,0.0506416249390911,-0.00495123953980172,-0.214084181301386,-0.190800815477105,-0.136612078772764,8
"101",1,1000,0.458482316757734,0.458482316757734,0.458482316757734,0.458482316757734,0.449075967448938,0.449075967448938,0.449075967448938,0.449075967448938,0.468291147401009,0.468291147401009,0.468291147401009,0.468291147401009,-0.116613883408433,-0.126257676526808,-0.0103439270055257,-0.0844051623135888,0.0472139497682585,0.0403361914983026,0.0576492933845293,0.0483998115503635,-0.139959821849472,-0.152308683674763,-0.0299239948832476,-0.107397500135828,8
"102",2,1000,0.458553318566677,0.458553318566677,0.458553318566677,0.458553318566677,0.457646590007969,0.457646590007969,0.457646590007969,0.457646590007969,0.459463647234545,0.459463647234545,0.459463647234545,0.459463647234545,0.0166959221962204,-0.122539143358019,-0.124008035999581,-0.0766170857204597,0.0505094566271964,0.0377000160559575,0.0394753738126265,0.0425616154985935,0.0241010758838759,-0.156783132338905,-0.172022593123576,-0.101568216526202,7
"103",3,1000,0.456902041165871,0.456902041165871,0.456902041165871,0.456902041165871,0.487128001606572,0.487128001606572,0.487128001606572,0.487128001606572,0.430207932229496,0.430207932229496,0.430207932229496,0.430207932229496,0.0082573900639174,-0.141157904065454,-0.052483315247707,-0.061794609749748,0.0496989489386775,0.0365151439829923,0.0397654147501517,0.0419931692239405,0.0167317770924385,-0.175943071352294,-0.0762018134160242,-0.07847103589196,6
"104",4,1000,0.429168530781624,0.429168530781624,0.429168530781624,0.429168530781624,0.429190016046771,0.429190016046771,0.429190016046771,0.429190016046771,0.429147047667475,0.429147047667475,0.429147047667475,0.429147047667475,-0.0537112435936595,-0.143580124707463,-0.139439855248278,-0.112243741183133,0.0485627671088276,0.0421466382869486,0.0522784895001126,0.0476626316319629,-0.0606402607374221,-0.172093252035085,-0.179612653266758,-0.137448722013089,9
"105",5,1000,0.422694288286833,0.422694288286833,0.422694288286833,0.422694288286833,0.410013712732226,0.410013712732226,0.410013712732226,0.410013712732226,0.436184245095358,0.436184245095358,0.436184245095358,0.436184245095358,-0.0586882302957182,-0.0996902786034576,-0.0333031161576053,-0.063893875018927,0.0466220565264305,0.0419137832148418,0.064557884736639,0.0510312414926371,-0.0676668020906155,-0.125272211589633,-0.0540418445591046,-0.082326952746451,8
"106",1,1050,0.451228081267034,0.451228081267034,0.451228081267034,0.451228081267034,0.482539925373691,0.482539925373691,0.482539925373691,0.482539925373691,0.423732246521797,0.423732246521797,0.423732246521797,0.423732246521797,-0.0452754587668684,-0.141564244957883,0.0119133090480747,-0.058308798225559,0.0561277429083537,0.0389491968240286,0.0561249718091826,0.0504006371805216,-0.066015812007961,-0.178579812249841,0.00579411185282892,-0.079600504134991,6
"107",2,1050,0.446933491277947,0.446933491277947,0.446933491277947,0.446933491277947,0.441033274016596,0.441033274016596,0.441033274016596,0.441033274016596,0.452993717360464,0.452993717360464,0.452993717360464,0.452993717360464,-0.00266316455990435,-0.222141671435465,-0.166429811376015,-0.130411549123795,0.0582133594410079,0.0407821504883269,0.0490098583081887,0.0493351227458412,0.00407295316154108,-0.27513751973609,-0.218688311768315,-0.163250959447622,8
"108",3,1050,0.447425342372461,0.447425342372461,0.447425342372461,0.447425342372461,0.43436161387589,0.43436161387589,0.43436161387589,0.43436161387589,0.461299238724864,0.461299238724864,0.461299238724864,0.461299238724864,-0.0270409245923211,-0.221266297068005,-0.226990910101389,-0.158432710587238,0.0554784851058276,0.038954759625915,0.04066120816247,0.0450314842980709,-0.0235193697794577,-0.273727673840314,-0.294445736059794,-0.197230926559855,8
"109",4,1050,0.403030094071484,0.403030094071484,0.403030094071484,0.403030094071484,0.401833399710351,0.401833399710351,0.401833399710351,0.401833399710351,0.404233937440058,0.404233937440058,0.404233937440058,0.404233937440058,-0.0951855599476854,-0.104251298331313,-0.168152364109669,-0.122529740796222,0.0483371428139025,0.0450696214553728,0.0519421701219065,0.0484496447970606,-0.135171010333496,-0.132395731734671,-0.224244672368564,-0.163937138145577,8
"110",5,1050,0.414374327829881,0.414374327829881,0.414374327829881,0.414374327829881,0.419507891781569,0.419507891781569,0.419507891781569,0.419507891781569,0.409364884961946,0.409364884961946,0.409364884961946,0.409364884961946,0.0337362041475065,-0.161302667009117,-0.149816769980374,-0.0924610776139948,0.0628452536359554,0.040924798030226,0.0556238974489369,0.0531313163717061,0.0328230733976959,-0.191347013426882,-0.208794600188424,-0.12243951340587,8
"111",1,1100,0.396090426154427,0.396090426154427,0.396418689875514,0.396199847394789,0.406044943635562,0.406044943635562,0.407567013650783,0.406552300307302,0.386612315147552,0.386612315147552,0.385864015827824,0.386362882040976,0.0827617317391474,-0.20619644709707,-0.170907378705423,-0.0981140313544486,0.0639129931410844,0.0429417911831322,0.0527376022346842,0.0531974621863003,0.0943779314489941,-0.249903251096779,-0.213680558920565,-0.12306862618945,9
"112",2,1100,0.460048318941817,0.460048318941817,0.460048318941817,0.460048318941817,0.4468657597659,0.4468657597659,0.4468657597659,0.4468657597659,0.474032291989382,0.474032291989382,0.474032291989382,0.474032291989382,-0.032071386473035,0.0107511536242324,-0.0926236918161524,-0.0379813082216517,0.043914170414786,0.0595884449881989,0.0609143919687521,0.0548056691239124,-0.0283370058241282,0.0186813620340807,-0.126360498835543,-0.0453387142085303,8
"113",3,1100,0.450254718699126,0.450254718699126,0.450584504739301,0.450364647379185,0.481145244451085,0.481145244451085,0.481899051175041,0.481396513359071,0.423091372323147,0.423091372323147,0.423091372323147,0.423091372323147,0.00692729747253647,-0.138403793218457,-0.0478533606745887,-0.0597766188068363,0.0515918974485318,0.0382047236395364,0.0435676246185451,0.0444547485688711,0.0086995735731337,-0.174409054615588,-0.0803647216139191,-0.0820247342187911,6
"114",4,1100,0.438686542769855,0.438686542769855,0.438686542769855,0.438686542769855,0.451436636107811,0.451436636107811,0.451436636107811,0.451436636107811,0.426636878245625,0.426636878245625,0.426636878245625,0.426636878245625,-0.0310414418672208,-0.148109671597481,-0.0684789028177961,-0.0825433387608325,0.0527796449619403,0.0371417413290922,0.0432651788644463,0.0443955217184929,-0.0358770479698847,-0.180105346728419,-0.0922584942518355,-0.10274696298338,7
"115",5,1100,0.436335024703138,0.438126149463271,0.438126149463271,0.43752910787656,0.450118404185505,0.451762540100741,0.451762540100741,0.451214494795662,0.423370704584815,0.425288863152589,0.425288863152589,0.424649476963331,-0.0276426564936554,-0.0658465136317972,-0.0567445265157084,-0.050077898880387,0.0539213871414758,0.0396170430087001,0.0512166550096122,0.0482516950532627,-0.0306525990388633,-0.0829575924737314,-0.0801182240683114,-0.0645761385269687,7
"116",1,1150,0.455985770395925,0.455985770395925,0.455985770395925,0.455985770395925,0.488982977743911,0.488982977743911,0.488982977743911,0.488982977743911,0.427160429045398,0.427160429045398,0.427160429045398,0.427160429045398,-0.000611454202814397,-0.139022331900336,0.0114755089285853,-0.0427194257248551,0.0514457855370341,0.0375202728304037,0.0526159569607283,0.0471940051093887,-0.00243741991796064,-0.17652014223553,0.0052827331454123,-0.0578916096693596,6
"117",2,1150,0.45667336433788,0.45667336433788,0.45667336433788,0.45667336433788,0.460118636671659,0.460118636671659,0.460118636671659,0.460118636671659,0.45327930350363,0.45327930350363,0.45327930350363,0.45327930350363,0.0569496427018258,-0.126119793527239,-0.116598980366096,-0.0619230437305029,0.0487216984338123,0.0418734676164751,0.0455744244364746,0.0453898634955874,0.0658328147364632,-0.15937869971896,-0.161478322714041,-0.0850080692321795,7
"118",3,1150,0.453254603526958,0.453254603526958,0.453254603526958,0.453254603526958,0.45815254240672,0.45815254240672,0.45815254240672,0.45815254240672,0.448460281018368,0.448460281018368,0.448460281018368,0.448460281018368,0.0202667968627832,-0.1157046397389,-0.12235674803726,-0.0725981969711256,0.0516392450968515,0.0364296581684889,0.0393907749097875,0.0424865593917093,0.0263952761260015,-0.149353857153383,-0.166404596474997,-0.0964543925007928,7
"119",4,1150,0.451935768093933,0.451935768093933,0.451935768093933,0.451935768093933,0.455971697342757,0.455971697342757,0.455971697342757,0.455971697342757,0.447970658214006,0.447970658214006,0.447970658214006,0.447970658214006,0.0503370831590877,-0.216192248493866,-0.172784053403589,-0.112879739579456,0.0661392550720764,0.0413480375380972,0.0510706135669094,0.052852635392361,0.058846143132279,-0.267644549887597,-0.227485433415427,-0.145427946723582,8
"120",5,1150,0.456479636253798,0.454121122740636,0.454121122740636,0.45490729391169,0.490087505734016,0.487740087893641,0.487740087893641,0.488522560507099,0.427185300726548,0.424837882886173,0.424837882886173,0.425620355499631,-0.00231050144616307,-0.1465961328195,-0.0464719558122137,-0.0651261966926255,0.0497088479828225,0.0349617980896495,0.0423376246025363,0.0423360902250028,-0.00256400199941861,-0.181732123471237,-0.0738283129295466,-0.0860414794667341,6
"121",1,1200,0.493757305715512,0.493757305715512,0.493757305715512,0.493757305715512,0.47733465895479,0.47733465895479,0.47733465895479,0.47733465895479,0.511350255351803,0.511350255351803,0.511350255351803,0.511350255351803,-0.0979691467354116,-0.147495907512648,-0.0938387915326584,-0.113101281926906,0.0500650277167304,0.0374947791527673,0.0421749240599693,0.0432449103098223,-0.121695275508227,-0.176781004342272,-0.135315623603226,-0.144597301151241,8
"122",2,1200,0.460101323068467,0.461066083906959,0.460101323068467,0.460422910014631,0.462867738769304,0.464824685931731,0.462867738769304,0.463520054490113,0.45736777890747,0.45736777890747,0.45736777890747,0.45736777890747,0.0169567766798981,-0.127069845455016,-0.122216643294025,-0.0774432373563812,0.0496048067002196,0.0368095862920314,0.0409415255491359,0.042451972847129,0.0239900438306095,-0.161366433049215,-0.166404771318169,-0.101260386845592,7
"123",3,1200,0.440679102270447,0.440988851735854,0.440988851735854,0.440885601914052,0.436433542586066,0.437041581500557,0.437041581500557,0.436838901862393,0.445008073700395,0.445008073700395,0.445008073700395,0.445008073700395,-0.0249815072718005,-0.205999404953159,-0.206479378738926,-0.145820096987962,0.0539917259334416,0.0401977869673507,0.0399828214731532,0.0447241114579818,-0.0148636212504078,-0.258068420958645,-0.265964473249702,-0.179632171819585,8
"124",4,1200,0.425005915473692,0.425005915473692,0.425005915473692,0.425005915473692,0.426561993152597,0.426561993152597,0.426561993152597,0.426561993152597,0.423461149523526,0.423461149523526,0.423461149523526,0.423461149523526,0.0400845992489549,-0.229077611195025,-0.217902958187376,-0.135631990044482,0.0495036566170753,0.0411059917460136,0.0443611045271161,0.0449902509634017,0.0492030593441412,-0.280654152521031,-0.27900482359318,-0.17015197225669,9
"125",5,1200,0.4398257448142,0.4398257448142,0.4398257448142,0.4398257448142,0.451827466681527,0.451827466681527,0.451827466681527,0.451827466681527,0.428445119382098,0.428445119382098,0.428445119382098,0.428445119382098,-0.0265850999871439,-0.0592944246629127,-0.0511972284327306,-0.0456922510275957,0.0515627768185304,0.04184714159815,0.0486425199308527,0.0473508127825111,-0.0290968733951282,-0.0761865349892746,-0.0709393221994037,-0.0587409101946022,7
"126",1,1250,0.464361261474016,0.464361261474016,0.464962117936541,0.464561546961524,0.520523057798832,0.520523057798832,0.522035459492722,0.521027191696795,0.41913835956918,0.41913835956918,0.41913835956918,0.41913835956918,0.0237009365737465,-0.0308446055664,-0.0172142515924496,-0.00811930686170102,0.0553167248456466,0.0419410548005963,0.053124849539351,0.0501275430618646,0.0193624203664391,-0.0479700828580541,-0.0276731611676077,-0.0187602745530742,5
"127",2,1250,0.428751281818342,0.428751281818342,0.428751281818342,0.428751281818342,0.43730023415968,0.43730023415968,0.43730023415968,0.43730023415968,0.420530173906677,0.420530173906677,0.420530173906677,0.420530173906677,-0.0353184012081981,-0.0376236601521724,-0.0661826725623515,-0.046374911307574,0.0513868374542508,0.0408119448644812,0.0425709132452943,0.0449232318546754,-0.0402873290682296,-0.0523571282171074,-0.0945663612596944,-0.0624036061816771,7
"128",3,1250,0.447979086939471,0.447979086939471,0.447979086939471,0.447979086939471,0.44045776111472,0.44045776111472,0.44045776111472,0.44045776111472,0.455761746011095,0.455761746011095,0.455761746011095,0.455761746011095,0.0549372765262611,-0.226939404897063,-0.196804328321324,-0.122935485564042,0.051034653871203,0.0400749471083204,0.0462393906014979,0.0457829971936738,0.055128969403904,-0.280706482397982,-0.258501513057886,-0.161359675350654,8
"129",4,1250,0.427359290242479,0.426407143774297,0.427359290242479,0.427041908086419,0.439161609978958,0.438286974410445,0.439161609978958,0.438870064789453,0.416174734996611,0.415154326833346,0.416174734996611,0.415834598942189,-0.0335269849070651,0.186041509322542,-0.0148475874593528,0.0458889789853746,0.0481336654831889,0.075272152994069,0.0643143545722829,0.0625733910165136,-0.0356066401399403,0.203451424162476,-0.0282265797634951,0.0465394014196803,7
"130",5,1250,0.449389422145117,0.449389422145117,0.449389422145117,0.449389422145117,0.440837915648748,0.440837915648748,0.440837915648748,0.440837915648748,0.458279261107227,0.458279261107227,0.458279261107227,0.458279261107227,0.0320745176301907,-0.228434912307736,-0.236138231955411,-0.144166208877652,0.0564373747559384,0.0410338040060314,0.0432538924733191,0.0469083570784296,0.0179917471758935,-0.283985249388875,-0.302724415398166,-0.189572639203716,8
"131",1,1300,0.428736328705069,0.428736328705069,0.428736328705069,0.428736328705069,0.440300326809774,0.440300326809774,0.440300326809774,0.440300326809774,0.417764216459869,0.417764216459869,0.417764216459869,0.417764216459869,-0.033321737632108,-0.115495619958043,-0.0625280129267994,-0.0704484568389834,0.0521403618377942,0.0377076968785721,0.0437881677059545,0.0445454088074403,-0.0362271073376398,-0.14111563853965,-0.0909323119759932,-0.0894250192844278,7
"132",2,1300,0.441954821198124,0.441954821198124,0.441954821198124,0.441954821198124,0.457086982886341,0.457086982886341,0.457086982886341,0.457086982886341,0.427792473292298,0.427792473292298,0.427792473292298,0.427792473292298,-0.0295702092933055,-0.0349657356315369,-0.0522322069870299,-0.0389227173039575,0.0524468218282443,0.0360750693341425,0.0502583752615618,0.0462600888079829,-0.0306271059001882,-0.0399868901417331,-0.0744523133181632,-0.0483554364533615,7
"133",3,1300,0.44838884857715,0.449359961095289,0.449359961095289,0.449036256922576,0.44959475934776,0.451551706510187,0.451551706510187,0.450899390789378,0.447189389530696,0.447189389530696,0.447189389530696,0.447189389530696,0.00904998172597789,-0.116418059475808,-0.118304100025472,-0.0752240592584341,0.0502942433387955,0.0355104901694312,0.0397350257741169,0.0418465864274479,0.016400421767488,-0.153632851430039,-0.163898626011928,-0.10037701855816,7
"134",4,1300,0.453672146101796,0.453672146101796,0.453672146101796,0.453672146101796,0.483692528581274,0.483692528581274,0.483692528581274,0.483692528581274,0.427160429045398,0.427160429045398,0.427160429045398,0.427160429045398,0.00371958816522057,-0.13792271454487,-0.0474183594632101,-0.0605404952809532,0.0511374205437528,0.0353296036392812,0.0419859162957935,0.0428176468262758,0.00612179722981831,-0.172892889030867,-0.0798788780895439,-0.0822166566301976,6
"135",5,1300,0.464158412607461,0.464158412607461,0.464158412607461,0.464158412607461,0.47535781840806,0.47535781840806,0.47535781840806,0.47535781840806,0.453474574900586,0.453474574900586,0.453474574900586,0.453474574900586,-0.0275500440060478,-0.170396823885717,-0.121038691315835,-0.106328519735867,0.0513041978445163,0.0364213233475035,0.0394673333006699,0.0423976181642299,-0.0386808787468215,-0.207850250564527,-0.167260873455553,-0.137930667588967,7
"136",1,1350,0.443138431337843,0.443138431337843,0.443138431337843,0.443138431337843,0.452888040578304,0.452888040578304,0.452888040578304,0.452888040578304,0.433799747928337,0.433799747928337,0.433799747928337,0.433799747928337,0.00464715888681904,-0.07773822428983,-0.0605088555843678,-0.0445333069957929,0.0498552944616919,0.0367718506348449,0.0436606176576416,0.0434292542513928,0.0110871040921135,-0.0970240990096495,-0.0877775448442912,-0.0579048465872757,7
"137",2,1350,0.469083891335325,0.469083891335325,0.469083891335325,0.469083891335325,0.457024281887611,0.457024281887611,0.457024281887611,0.457024281887611,0.481797189442113,0.481797189442113,0.481797189442113,0.481797189442113,-0.124804860435645,-0.17799134414557,-0.185488798808964,-0.162761667796726,0.0473662561609422,0.038917301602248,0.0397039517419754,0.0419958365017219,-0.146406560314163,-0.222057609690318,-0.242224699847548,-0.203562956617343,8
"138",3,1350,0.462335833898664,0.462335833898664,0.462335833898664,0.462335833898664,0.49518947721936,0.49518947721936,0.49518947721936,0.49518947721936,0.433570348675132,0.433570348675132,0.433570348675132,0.433570348675132,-0.00340332418789717,-0.134673577640758,-0.114866291214767,-0.0843143976811409,0.0526224831822338,0.0352771833698677,0.0389258126053041,0.0422751597191352,-0.00179260357727013,-0.1719762990542,-0.157753571566707,-0.110507491399392,6
"139",4,1350,0.421450702297578,0.421450702297578,0.423350109387859,0.422083837994339,0.432019003048693,0.432019003048693,0.433635005843942,0.432557670647109,0.411387110921573,0.411387110921573,0.413541781315237,0.412105334386127,0.0111792149570834,-0.211320905533249,-0.12583360882909,-0.108658433135085,0.0614345252087571,0.0419877909086349,0.0453319846117566,0.0495847669097162,0.0105045395262398,-0.260040771207545,-0.16885611286695,-0.139464114849418,8
"140",5,1350,0.44020334267428,0.44020334267428,0.44020334267428,0.44020334267428,0.452280977992818,0.452280977992818,0.452280977992818,0.452280977992818,0.428753968663731,0.428753968663731,0.428753968663731,0.428753968663731,-0.0354862655519821,-0.0492594699980643,-0.070348915141495,-0.0516982168971805,0.0518167035760057,0.0399919280783056,0.0424853684704984,0.0447646667082699,-0.0417738678220639,-0.0583656511679466,-0.0992935045847698,-0.0664776745249268,7
"141",1,1400,0.407035462903997,0.407035462903997,0.407035462903997,0.407035462903997,0.410657040875459,0.410657040875459,0.410657040875459,0.410657040875459,0.403477203802525,0.403477203802525,0.403477203802525,0.403477203802525,-0.0623606191412566,-0.124230770457191,-0.123340863220985,-0.103310750939811,0.0489978634199708,0.0463130754677711,0.0502182890125831,0.0485097426334416,-0.0666312831638298,-0.158675668170289,-0.166387057161277,-0.130564669498465,8
"142",2,1400,0.458409242212464,0.458697922416353,0.458697922416353,0.458601695681723,0.440245495836415,0.440778317660797,0.440778317660797,0.440600710386003,0.47813629561534,0.47813629561534,0.47813629561534,0.47813629561534,-0.0261426532332696,-0.0946009455412627,-0.0342375974039089,-0.0516603987261471,0.0489700894580465,0.0341171209122234,0.0575612084940686,0.0468828062881128,-0.0310142370328351,-0.107362344463841,-0.0572410108858329,-0.0652058641275032,8
"143",3,1400,0.456016979509648,0.456016979509648,0.456016979509648,0.456016979509648,0.460439394388737,0.460439394388737,0.460439394388737,0.460439394388737,0.451678709006255,0.451678709006255,0.451678709006255,0.451678709006255,0.0667472212815804,-0.123492294428989,-0.116067553348964,-0.0576042088321242,0.0552366149883194,0.036636282995898,0.0415619379962019,0.0444782786601398,0.0777305513168116,-0.159943482727506,-0.162507895481325,-0.0815736089640065,7
"144",4,1400,0.485815602698811,0.485815602698811,0.485815602698811,0.485815602698811,0.46740654300315,0.46740654300315,0.46740654300315,0.46740654300315,0.505734218645798,0.505734218645798,0.505734218645798,0.505734218645798,0.0263311109683241,-0.178193144986738,-0.107798727448138,-0.0865535871555175,0.0489920026930968,0.0383126384343413,0.0421149867521554,0.0431398759598645,0.0318630890669435,-0.219102131000868,-0.143278815761793,-0.110172619231906,8
"145",5,1400,0.441986326719081,0.441986326719081,0.441986326719081,0.441986326719081,0.454279143810263,0.454279143810263,0.454279143810263,0.454279143810263,0.430341269736524,0.430341269736524,0.430341269736524,0.430341269736524,-0.037189327811981,-0.0804536200741078,-0.0676076479691609,-0.0617501986184166,0.0500249331170467,0.0382679101666178,0.0420622546023235,0.0434516992953293,-0.0404414281197011,-0.0987465138284742,-0.0935006629451263,-0.0775628682977672,7
"146",1,1450,0.431105756038749,0.43140138084803,0.43140138084803,0.431302839244937,0.443828057081155,0.444455173599404,0.444455173599404,0.444246134759988,0.419092498110355,0.419092498110355,0.419092498110355,0.419092498110355,-0.0242448596447741,-0.0346396990529196,-0.0285591533703342,-0.029147904022676,0.0534045532815329,0.0419840169304399,0.0473347303854307,0.0475744335324679,-0.0277397302807592,-0.0522629749569729,-0.0469523163973604,-0.0423183405450308,7
"147",2,1450,0.46760332454851,0.467678987316078,0.467678987316078,0.467653766393555,0.529414328660526,0.53038008809863,0.53038008809863,0.530058168285928,0.418716665918847,0.418235525160575,0.418235525160575,0.418395905413332,0.0311694353783379,-0.148917700404422,-0.156476856568325,-0.091408373864803,0.0480985903349413,0.0342470500368842,0.0390081315852427,0.0404512573190228,0.0314785613061655,-0.189867780116999,-0.20859819616922,-0.122329138326684,5
"148",3,1450,0.408020604240059,0.408020604240059,0.408020604240059,0.408020604240059,0.4128104146855,0.4128104146855,0.4128104146855,0.4128104146855,0.403340670574957,0.403340670574957,0.403340670574957,0.403340670574957,0.0231204639483863,-0.18084640424615,-0.201011367273995,-0.119579102523919,0.0631093665922048,0.0415568362445445,0.0564785543216554,0.0537149190528016,0.0258233711980273,-0.219635617911044,-0.262950843864845,-0.152254363525954,9
"149",4,1450,0.453291901382081,0.453291901382081,0.453291901382081,0.453291901382081,0.455151274248738,0.455151274248738,0.455151274248738,0.455151274248738,0.451447658436266,0.451447658436266,0.451447658436266,0.451447658436266,0.0155238682702268,-0.108436753904731,-0.116007053847102,-0.069639979827202,0.0500322237770454,0.0367255648734527,0.043271657014252,0.0433431485549167,0.0233655375915472,-0.145601326250765,-0.164298946682045,-0.0955115784470876,7
"150",5,1450,0.409823446996409,0.409823446996409,0.409823446996409,0.409823446996409,0.405724065648269,0.405724065648269,0.405724065648269,0.405724065648269,0.414006513078554,0.414006513078554,0.414006513078554,0.414006513078554,-0.0518102927073591,-0.202267323612108,-0.122465521749941,-0.125514379356469,0.0527846083832586,0.0421506838211455,0.0532119022692851,0.0493823981578964,-0.0524763664675645,-0.250758081921721,-0.165107578939245,-0.15611400910951,8
"151",1,1500,0.459095099927981,0.459095099927981,0.459095099927981,0.459095099927981,0.459032373664037,0.459032373664037,0.459032373664037,0.459032373664037,0.459157843337215,0.459157843337215,0.459157843337215,0.459157843337215,0.00873104980885553,-0.0754849488412396,-0.122302508493345,-0.0630188025085764,0.0493347794719418,0.0340795826558154,0.0426381522530624,0.0420175047936065,0.0167766494340523,-0.105217768018909,-0.174127135020625,-0.0875227512018274,7
"152",2,1500,0.43638565171215,0.43638565171215,0.43638565171215,0.43638565171215,0.450938072941628,0.450938072941628,0.450938072941628,0.450938072941628,0.422743122161631,0.422743122161631,0.422743122161631,0.422743122161631,-0.0377980400732757,-0.151151089016416,-0.0640155209851049,-0.0843215500249323,0.0502801102493219,0.037483347403138,0.0417893392154447,0.0431842656226349,-0.0421453561589201,-0.184788341806064,-0.0912623294462668,-0.106065342470417,7
"153",3,1500,0.441001650397487,0.440717220904538,0.441001650397487,0.440906840566504,0.456430522912954,0.455821583685089,0.456430522912954,0.456227543170332,0.426581765344831,0.426581765344831,0.426581765344831,0.426581765344831,-0.0343039584639793,-0.0937753275477259,-0.0589143131844625,-0.0623311997320559,0.0528275805552436,0.0400204859344305,0.0466891354920915,0.0465124006605885,-0.0363277996173271,-0.113667171178593,-0.0836034765155468,-0.0778661491038222,7
"154",4,1500,0.427948799271733,0.427948799271733,0.427948799271733,0.427948799271733,0.434704453061026,0.434704453061026,0.434704453061026,0.434704453061026,0.421399908709345,0.421399908709345,0.421399908709345,0.421399908709345,-0.0109679917278824,-0.203836312889363,-0.239789348952426,-0.151531217856557,0.054678383620653,0.0415474285528895,0.0417916141021007,0.0460058087585477,0.00550121662259836,-0.252891161615648,-0.303270258570254,-0.183553401187768,9
"155",5,1500,0.433264043506773,0.433264043506773,0.433264043506773,0.433264043506773,0.438357474039889,0.438357474039889,0.438357474039889,0.438357474039889,0.42828761819037,0.42828761819037,0.42828761819037,0.42828761819037,0.0730382508941037,-0.217007596288988,-0.21566747594417,-0.119878940446351,0.067058096698156,0.0428394433266355,0.0539542232579311,0.0546172544275742,0.0855925675808923,-0.263965939494666,-0.276236798988791,-0.151536723634188,9
"156",1,1550,0.461954548280891,0.461954548280891,0.461954548280891,0.461954548280891,0.496551607111468,0.496551607111468,0.496551607111468,0.496551607111468,0.431864538254074,0.431864538254074,0.431864538254074,0.431864538254074,0.00361278353842944,-0.143957202317968,-0.0497335874176729,-0.0633593353990706,0.0525067013263507,0.036100344050778,0.0423789281979526,0.0436619911916938,0.00575022617107874,-0.181088114851928,-0.0787309913985756,-0.0846896266931416,6
"157",2,1550,0.432330236365334,0.432330236365334,0.432330236365334,0.432330236365334,0.428252622541378,0.428252622541378,0.428252622541378,0.428252622541378,0.436486246766909,0.436486246766909,0.436486246766909,0.436486246766909,-0.0679557203935405,-0.116268409681248,-0.154924183134282,-0.113049437736357,0.0475005747700619,0.0387896453184546,0.0466620521724346,0.0443174240869837,-0.0754900748458096,-0.138662355777268,-0.202660707553183,-0.13893771272542,9
"158",3,1550,0.48752867136687,0.485976462843107,0.485976462843107,0.486493865684361,0.471065137703228,0.470028184460393,0.470028184460393,0.470373835541338,0.505184668665858,0.503045017987547,0.503045017987547,0.503758234880317,-0.059368983934285,-0.142110278489158,-0.0900986932888616,-0.0971926519041015,0.0506661505248487,0.038428534193736,0.043263363975189,0.0441193495645912,-0.0679444145158888,-0.170832005327603,-0.125949422899478,-0.121575280914323,8
"159",4,1550,0.454604142887923,0.454604142887923,0.452318516092208,0.453842267289351,0.465664540369082,0.465664540369082,0.463563700032948,0.464964260257038,0.44405696543252,0.44405696543252,0.441605985040364,0.443239971968468,-0.0407010914721204,-0.170390333560733,-0.0669840460723606,-0.092691823701738,0.0510808269991118,0.0376228509530671,0.04141012195609,0.0433712666360896,-0.0464548687219692,-0.208023995136504,-0.0980390638980434,-0.117505975918839,7
"160",5,1550,0.383463488467364,0.383463488467364,0.383276597664913,0.383401191533213,0.390416255589623,0.390416255589623,0.390028992250553,0.390287167809933,0.376754026524388,0.376754026524388,0.376754026524388,0.376754026524388,-0.0572282590818756,-0.175877016439657,-0.179794858762416,-0.137633378094649,0.0582607609519089,0.0442316710728288,0.0427746029682485,0.0484223449976621,-0.0663223754826143,-0.220268335090632,-0.23260845027866,-0.173066386950635,10
"161",1,1600,0.444243381300582,0.444243381300582,0.444243381300582,0.444243381300582,0.456352542110077,0.456352542110077,0.456352542110077,0.456352542110077,0.432760234419639,0.432760234419639,0.432760234419639,0.432760234419639,-0.0345884181564681,-0.0783041091108122,-0.0688464738152951,-0.0605796670275251,0.0509545605886105,0.0382405909195634,0.0425211835607374,0.0439054450229704,-0.0379595072785076,-0.0972279644049135,-0.0949706842325241,-0.0767193853053151,7
"162",2,1600,0.494368565281299,0.494368565281299,0.494368565281299,0.494368565281299,0.47326014698655,0.47326014698655,0.47326014698655,0.47326014698655,0.517447849967273,0.517447849967273,0.517447849967273,0.517447849967273,-0.105014603025275,-0.177807298478696,-0.0891068223345223,-0.123976241279498,0.0484755015439655,0.0392282575412642,0.0453307213287765,0.0443448268046687,-0.12860237645346,-0.217353420706956,-0.12503710505056,-0.156997634070325,8
"163",3,1600,0.398405648057207,0.398405648057207,0.398405648057207,0.398405648057207,0.407856096636791,0.407856096636791,0.407856096636791,0.407856096636791,0.389383234836182,0.389383234836182,0.389383234836182,0.389383234836182,0.0110846918137563,-0.120730114115633,-0.228008374608116,-0.112551265636664,0.0709376891455756,0.041879467757189,0.0428259185640656,0.0518810251556101,0.0162908802652306,-0.151634849343396,-0.291414843953912,-0.142252937677359,9
"164",4,1600,0.446627572946517,0.446627572946517,0.446627572946517,0.446627572946517,0.458696622804479,0.458696622804479,0.458696622804479,0.458696622804479,0.435177353104985,0.435177353104985,0.435177353104985,0.435177353104985,0.0383168219450245,-0.169124537989414,-0.0709181826263351,-0.0672419662235748,0.050691677358646,0.0376444633401958,0.0469451631999571,0.0450937679662663,0.046337949366847,-0.210346226521945,-0.104810537669255,-0.0896062716081178,7
"165",5,1600,0.456388688086158,0.456388688086158,0.456388688086158,0.456388688086158,0.460248105449344,0.460248105449344,0.460248105449344,0.460248105449344,0.452593458876153,0.452593458876153,0.452593458876153,0.452593458876153,0.0147909818967051,-0.170916559256234,-0.118776878656318,-0.0916341520052822,0.0491955502052881,0.0363621675723543,0.0406612919899945,0.042073003255879,0.0254725170632899,-0.214946480397115,-0.165249323394998,-0.118241095576275,7
"166",1,1650,0.456239405729905,0.456239405729905,0.455964356600305,0.456147722686705,0.458551576968971,0.458551576968971,0.457996227098553,0.458366460345498,0.453950434995801,0.453950434995801,0.453950434995801,0.453950434995801,-0.0396418953537619,-0.23090814255435,-0.195431598282171,-0.155327212063428,0.0551697951232547,0.0410812413881778,0.0441113251420764,0.0467874538845029,-0.0370790017449998,-0.288023506477772,-0.252969250376619,-0.192690586199797,8
"167",2,1650,0.434053531210579,0.434053531210579,0.434053531210579,0.434053531210579,0.423983924710413,0.423983924710413,0.423983924710413,0.423983924710413,0.444613079568793,0.444613079568793,0.444613079568793,0.444613079568793,-0.0678848246193487,-0.22249558672184,-0.158460656111678,-0.149613689150956,0.0430383304545261,0.0477464155089558,0.0602102235656446,0.0503316565097088,-0.0950923671025835,-0.278841391635461,-0.207467309748082,-0.193800356162042,10
"168",3,1650,0.446904604096328,0.446904604096328,0.446904604096328,0.446904604096328,0.443247402598448,0.443247402598448,0.443247402598448,0.443247402598448,0.450622658282747,0.450622658282747,0.450622658282747,0.450622658282747,-0.0895113888871769,-0.223797845444958,-0.186179248633453,-0.16649616098853,0.0504223836293003,0.0401009198397954,0.0457124662496632,0.0454119232395863,-0.111047774456958,-0.274104611180671,-0.244044314531217,-0.209732233389615,8
"169",4,1650,0.458929543617047,0.460351667863119,0.460351667863119,0.459877626447761,0.4912472636524,0.492101964507101,0.492101964507101,0.491817064222201,0.430601529008237,0.432450095035907,0.432450095035907,0.431833906360017,0.000719533352376102,-0.163357162156719,-0.0578254207464229,-0.0734876831835886,0.0470917486798663,0.033415729612568,0.040107918554525,0.0402051322823197,0.00960051818398113,-0.20458463167811,-0.0925544279710346,-0.0958461804883879,6
"170",0,0,0,0,0,0,0,0,0,0,0,0,0,0,0,0,0,0,0,0,0,0,0,0,0,0,0
"171",1,1700,0.456251515053147,0.456251515053147,0.456251515053147,0.456251515053147,0.449114041225144,0.449114041225144,0.449114041225144,0.449114041225144,0.463619514824846,0.463619514824846,0.463619514824846,0.463619514824846,0.0034717875316257,-0.226273375235441,-0.233961407395322,-0.152254331699713,0.0459458530415993,0.0397366137019585,0.0427974828237117,0.0428266498557565,0.00227694225003177,-0.279773047777034,-0.30006350652056,-0.192519870682521,8
"172",0,0,0,0,0,0,0,0,0,0,0,0,0,0,0,0,0,0,0,0,0,0,0,0,0,0,0
"173",0,0,0,0,0,0,0,0,0,0,0,0,0,0,0,0,0,0,0,0,0,0,0,0,0,0,0
"174",0,0,0,0,0,0,0,0,0,0,0,0,0,0,0,0,0,0,0,0,0,0,0,0,0,0,0
"175",0,0,0,0,0,0,0,0,0,0,0,0,0,0,0,0,0,0,0,0,0,0,0,0,0,0,0
"176",1,1750,0.473577030824878,0.473577030824878,0.470938386913309,0.472697482854355,0.54284717241239,0.54284717241239,0.539948621687752,0.541880988837511,0.419984774524416,0.419984774524416,0.417569315587218,0.41917962154535,0.0267399359384476,0.120291842509217,-0.154160102418896,-0.00237610799041039,0.0476408059268686,0.0567264632501102,0.0348185523102474,0.0463952738290754,0.0302554648974693,0.128462702130935,-0.202962196521726,-0.0147480098311071,5
"177",2,1750,0.46809312663841,0.46809312663841,0.468984922689634,0.468390391988818,0.455126900596627,0.455126900596627,0.456816089785816,0.45568996365969,0.481819813876502,0.481819813876502,0.481819813876502,0.481819813876502,0.0664473079036525,-0.172620672932245,-0.185265503497174,-0.0971462895085886,0.048730666841157,0.0393431488903283,0.0406185304859897,0.0428974487391583,0.0728020610384411,-0.215000670625673,-0.243824615454787,-0.12867440834734,8
"178",3,1750,0.402795479150684,0.402795479150684,0.402795479150684,0.402795479150684,0.410677564733965,0.410677564733965,0.410677564733965,0.410677564733965,0.395210255785703,0.395210255785703,0.395210255785703,0.395210255785703,-0.0335141028705697,-0.212549998930285,-0.228213047799603,-0.158092383200153,0.0645112539807625,0.0412398008342972,0.0415606642230074,0.0491039063460224,-0.0347527011248252,-0.265025526247295,-0.29315040793285,-0.19764287843499,9
"179",4,1750,0.459409797990953,0.459409797990953,0.459409797990953,0.459409797990953,0.444337997183266,0.444337997183266,0.444337997183266,0.444337997183266,0.475539959235611,0.475539959235611,0.475539959235611,0.475539959235611,-0.0312460397924928,-0.171985563187796,-0.0871456974634959,-0.0967924334812616,0.0505671683648946,0.042167052759984,0.0569615120334457,0.0498985777194414,-0.0371425046693129,-0.212396404827435,-0.12904014760497,-0.126193019033906,8
"180",5,1750,0.457750782127547,0.457750782127547,0.457750782127547,0.457750782127547,0.462428711013408,0.462428711013408,0.462428711013408,0.462428711013408,0.45316654927078,0.45316654927078,0.45316654927078,0.45316654927078,0.0131820732858263,-0.116888091126485,-0.0632896257553913,-0.0556652145320166,0.0486372711704209,0.0368360592621572,0.0428368065490126,0.0427700456605302,0.0236516498513734,-0.153445996316967,-0.0958851617993223,-0.0752265027549721,7
"181",1,1800,0.452500342193225,0.452500342193225,0.452500342193225,0.452500342193225,0.44851496284432,0.44851496284432,0.44851496284432,0.44851496284432,0.456557182471366,0.456557182471366,0.456557182471366,0.456557182471366,0.0103920757077441,-0.224982508678993,-0.231371157526323,-0.14865386349919,0.0438174108568508,0.0392100979555738,0.0419642368350325,0.041663915215819,0.0165361180576944,-0.279525423222766,-0.298170012153212,-0.187053105772761,8
"182",2,1800,0.430906782786167,0.430906782786167,0.429378308107447,0.430397291226593,0.441022695699412,0.441022695699412,0.439617543474588,0.440554311624471,0.421244529533676,0.421244529533676,0.419605185271381,0.420698081446244,0.0556561864669938,0.0418807923503507,-0.0779746971363452,0.00652076056033308,0.0595650423915666,0.0529667564348082,0.0361491430063956,0.0495603139442568,0.071856416885476,0.0421128928901542,-0.117758912166343,-0.00126320079690438,7
"183",3,1800,0.394858837687037,0.394858837687037,0.394858837687037,0.394858837687037,0.4030506013489,0.4030506013489,0.4030506013489,0.4030506013489,0.386993426549142,0.386993426549142,0.386993426549142,0.386993426549142,0.00313975523118855,-0.188244881827269,-0.207029440021006,-0.130711522205696,0.0603804927983588,0.0381306939835115,0.0449041549050339,0.0478051138956347,0.00621200026391999,-0.234011963873832,-0.268316238788148,-0.16537206746602,9
"184",4,1800,0.440765318881109,0.441060592797368,0.441060592797368,0.440962168158615,0.454045844112239,0.454672960630488,0.454672960630488,0.454463921791072,0.428239608109358,0.428239608109358,0.428239608109358,0.428239608109358,-0.0455202218875969,-0.135939566873827,-0.0719436658750598,-0.0844678182121612,0.0513768447391837,0.036205817628989,0.0406967271294158,0.0427597964991962,-0.0466614783808014,-0.171448158635621,-0.107112723500237,-0.108407453505553,7
"185",5,1800,0.457141229433017,0.457141229433017,0.457141229433017,0.457141229433017,0.489977482113482,0.489977482113482,0.489977482113482,0.489977482113482,0.428429656034439,0.428429656034439,0.428429656034439,0.428429656034439,-0.00494109925322699,-0.135138209375072,-0.0526411114427224,-0.0642401400236739,0.0507293359730903,0.0332297113072817,0.0411676556884851,0.041708900989619,-0.00418403376181983,-0.172594393254502,-0.0841643372258062,-0.0869809214140425,6
"186",1,1900,0.495186365115775,0.495186365115775,0.495186365115775,0.495186365115775,0.476484357663457,0.476484357663457,0.476484357663457,0.476484357663457,0.515416457181163,0.515416457181163,0.515416457181163,0.515416457181163,-0.109548140261917,-0.180685744834714,-0.0915054576241051,-0.127246447573579,0.0508376049297226,0.0386907849699179,0.0429317724070632,0.0441533874355679,-0.131938007859406,-0.219203223227454,-0.130110372018413,-0.160417201035091,8
"187",2,1900,0.428437457292491,0.428437457292491,0.428437457292491,0.428437457292491,0.434587897109803,0.434587897109803,0.434587897109803,0.434587897109803,0.422458674473344,0.422458674473344,0.422458674473344,0.422458674473344,-0.0423537169591993,-0.184901284780239,0.031077278537588,-0.0653925744006166,0.0505955391876205,0.0372801829341897,0.100591083151859,0.0628222684245565,-0.044634766569157,-0.227080321797163,0.00799147931580771,-0.0879078696835041,8
"188",3,1900,0.460010588480273,0.460010588480273,0.460010588480273,0.460010588480273,0.494978281964789,0.494978281964789,0.494978281964789,0.494978281964789,0.429657477025898,0.429657477025898,0.429657477025898,0.429657477025898,-0.00600576565525833,-0.220531917201181,-0.165177051935948,-0.130571578264129,0.0435195617622863,0.0313541582817919,0.0361730099087245,0.0370155766509342,0.00298433631284777,-0.273386533050144,-0.222769955619101,-0.164390717452133,6
"189",4,1900,0.455577855517225,0.455577855517225,0.455577855517225,0.455577855517225,0.495124203860199,0.495124203860199,0.495124203860199,0.495124203860199,0.421881515785421,0.421881515785421,0.421881515785421,0.421881515785421,0.0223123074089014,-0.14958380711518,-0.0581519722985937,-0.061807824001624,0.0469774681243009,0.0355080055601501,0.0426910058933894,0.0417254931926135,0.0263438545546322,-0.188987312752332,-0.0901926690376486,-0.0842787090784495,6
"190",5,1900,0.456079998439738,0.456079998439738,0.456079998439738,0.456079998439738,0.438159178206158,0.438159178206158,0.438159178206158,0.438159178206158,0.475529264574325,0.475529264574325,0.475529264574325,0.475529264574325,-0.0891478324144186,-0.124445083215364,-0.140229763662767,-0.117940893097517,0.0485353959228665,0.034941111317327,0.0386767643873981,0.0407177572091972,-0.107175783693202,-0.17173186996979,-0.197357877593641,-0.158755177085544,8
"191",1,1950,0.472758570911043,0.472758570911043,0.470713833293113,0.472076991705066,0.464845454078141,0.464845454078141,0.463084890697859,0.464258599618047,0.48094576516376,0.48094576516376,0.478598347323384,0.480163292550301,0.0995662775634512,-0.127501012030345,-0.0427988608240893,-0.0235778650969945,0.0531859391540837,0.0406098133226702,0.0555785499849766,0.0497914341539102,0.100301525844691,-0.157966667208739,-0.0629200484089763,-0.0401950632576748,8
"192",0,0,0,0,0,0,0,0,0,0,0,0,0,0,0,0,0,0,0,0,0,0,0,0,0,0,0
"193",0,0,0,0,0,0,0,0,0,0,0,0,0,0,0,0,0,0,0,0,0,0,0,0,0,0,0
"194",0,0,0,0,0,0,0,0,0,0,0,0,0,0,0,0,0,0,0,0,0,0,0,0,0,0,0
"195",0,0,0,0,0,0,0,0,0,0,0,0,0,0,0,0,0,0,0,0,0,0,0,0,0,0,0
