"3","4","5","6"
0.339042087106859,0.362712290239119,0.379661017326995,0.392852274822941
0.313852096046899,0.321865457313755,0.353295930760882,0.35892475102509
0.287340110452875,0.291616605838896,0.336025620475709,0.332149409882776
0.266074157195898,0.264524173665776,0.323965852151109,0.310971162850207
0.251687713359361,0.236946131107763,0.315388106523654,0.29553856346366
0.243096533911476,0.209528979883468,0.30922191489211,0.284967948284021
0.238182337424914,0.184936725362977,0.304794719405005,0.277417408804474
0.235283337272966,0.16561846188743,0.301595295698425,0.271414514429257
0.23343306852241,0.152147441697292,0.29917511894655,0.26620780002493
0.232111281490399,0.143271071592862,0.29714988519233,0.261538655944698
0.231029016029608,0.137315100380212,0.295189083094327,0.257370545646696
0.230010380470274,0.133128083089416,0.292975519306433,0.253716020443493
0.228932351422236,0.130112529859868,0.290151301234252,0.250562263621067
0.227693197768944,0.127956001308995,0.286265838953891,0.247862205349481
0.226195268200859,0.12644761931283,0.280753081590872,0.245551580152638
0.224336279812439,0.125415380893211,0.273011643808506,0.243565010635715
0.222007659375714,0.124718395337663,0.262711630780878,0.24184297337895
0.219100993055742,0.124248771302919,0.250300768749861,0.240332393586856
0.21552440932214,0.123929410952249,0.237133325282377,0.238985281797938
0.211228383404638,0.123708053137406,0.224666022321284,0.237757650169247
0.206233481351003,0.123550487627769,0.213713132034733,0.236609045026133
0.200643118271106,0.123434756486644,0.204722799273316,0.23550243666859
0.194621876661588,0.123346870371179,0.197989153492691,0.234404374357032
0.188334573929521,0.123277896461041,0.193380685051386,0.233285643823293
0.181868066879505,0.123222074403307,0.190408842867703,0.232122896358875
0.175175667172448,0.12317563209814,0.18854900029887,0.230901667035831
0.168080534661137,0.123136052257863,0.187394122750141,0.22962050888833
0.160358340574555,0.123101619959216,0.186664858785774,0.228294288994975
0.151897711288448,0.12307114227145,0.186182932381108,0.226952474004067
0.142890205754161,0.123043772576354,0.185840799500822,0.225627471392779
0.133921546464371,0.123018898728636,0.18557565205179,0.224330680323402
0.1258171286506,0.122996070496682,0.185350882320315,0.223017322285376
0.119273680792821,0.122974951508945,0.185144500406807,0.221540808281575
0.114553318381197,0.122955286755346,0.184942435266493,0.219613438448263
0.111472621522196,0.122936880159941,0.184734797088665,0.216913763048991
0.109617976705927,0.122919578816242,0.184513816244561,0.21360521856594
0.108566215812065,0.12290326172839,0.184272717006655,0.21056031455963
0.107993376766074,0.122887831663956,0.1840051306283,0.208339923810138
0.107688447667433,0.122873209195341,0.183704848843854,0.206832786181168
0.107526955377209,0.122859328304913,0.18336582079341,0.205737060776662
0.10743993294949,0.122846133124019,0.182982338087344,0.204819582650959
0.107390678339072,0.122833575507831,0.182549351268012,0.203943680148599
0.107360181608809,0.122821613238178,0.182062826826346,0.20303824138629
0.107338795347272,0.122810208706713,0.18152000190892,0.202074088011637
0.107321716788821,0.12279932796803,0.180919349504907,0.201053768377078
0.107306609844779,0.122788940072646,0.180260063726626,0.20000607212821
0.107292375309802,0.122779016598935,0.179540938655094,0.198976061639343
0.107278523361593,0.122769531307346,0.178758642725509,0.198007983666801
0.107264858455128,0.122760459845914,0.177905546366361,0.197128773537036
0.107251324144354,0.122751779449936,0.176967396663901,0.196342444167347
0.107237927739642,0.122743468606926,0.175921249248798,0.195636227783211
0.107224703368525,0.122735506702772,0.174734264016881,0.19499070543281
0.107211692916981,0.122727873717073,0.173364419872452,0.194387172354776
0.107198935403661,0.122720550068867,0.171764910299164,0.193810692078903
0.107186460856114,0.122713516693726,0.169894212193051,0.1932502720709
0.107174287223639,0.122706755346985,0.167731676662892,0.19269786442637
0.107162419725772,0.122700249014886,0.165292815483895,0.192147208187294
0.107150852123004,0.122693982252947,0.162634034665512,0.19159291949211
0.107139569229033,0.122687941308894,0.159842442583692,0.191029907031879
0.107128549894784,0.122682113998753,0.157018769817072,0.190453059539803
0.107117769808569,0.122676489410965,0.154263317225953,0.189857120831789
0.107107203722818,0.122671057556956,0.151666043332992,0.189236678448818
0.107096827013461,0.122665809066267,0.149298088133563,0.188586216131423
0.107086616691734,0.122660734975176,0.147205393438901,0.187900205259734
0.107076552053753,0.12265582661307,0.145406997736058,0.187173230711012
0.107066615077619,0.122651075565492,0.14389849378714,0.186400160999508
0.10705679055605,0.122646473685321,0.142658589921848,0.185576381348032
0.107047065917714,0.122642013126939,0.141656176140493,0.184698111482386
0.107037430798558,0.122637686385549,0.140856234489504,0.183762825817142
0.10702787658315,0.122633486331113,0.140224027775435,0.182769778622995
0.10701839618406,0.122629406231948,0.139727658259895,0.181720605926973
0.107008984199374,0.122625439766636,0.139339344504768,0.180619926671733
0.106999637371937,0.122621581024961,0.139035804651806,0.179475803773518
0.106990355105014,0.12261782449953,0.13879808422906,0.178299872428845
0.106981139742506,0.122614165070091,0.138611087334343,0.177106936615042
0.106971996402899,0.122610597982551,0.138462989988853,0.17591391608382
0.106962932337296,0.122607118824525,0.138344646576041,0.17473820509584
0.106953956000599,0.122603723499045,0.138249049139857,0.173595726288837
0.106945076169992,0.122600408197805,0.138170864608952,0.172499117090541
0.106936301409103,0.122597169375072,0.138106054109636,0.171456471098786
0.106927639963325,0.122594003723178,0.138051567914342,0.170470864696576
0.10691909992765,0.122590908150238,0.138005105565482,0.169540630354216
0.106910689420825,0.122587879760528,0.137964930147454,0.168660128072616
0.106902416569385,0.122584915837726,0.137929726468206,0.167820692730011
0.106894289258593,0.122582013830991,0.1378984940939,0.167011486959428
0.106886314732024,0.122579171343666,0.137870467467348,0.16622010591117
0.106878499172247,0.122576386124235,0.137845056656275,0.165432903367536
0.106870847386533,0.122573656059032,0.137821803549498,0.16463510812127
0.106863362682331,0.12257097916614,0.137800349469882,0.163810878592008
0.106856046961913,0.12256835358991,0.137780411150846,0.162943535018933
0.106848900998711,0.122565777595612,0.137761762815241,0.162016353528967
0.106841924794054,0.122563249563819,0.137744222715032,0.161014503777177
0.106835117884595,0.122560767984328,0.137727642961782,0.159928822371211
0.106828479502237,0.122558331449599,0.137711901825369,0.1587617337692
0.106822008564812,0.122555938647921,0.137696897922569,0.157534141543373
0.106815703549505,0.122553588356682,0.137682545876833,0.156289463059977
0.106809562333177,0.122551279436315,0.137668773125918,0.155089263237703
0.106803582070868,0.122549010825554,0.137655517607164,0.153998177968481
0.106797759148338,0.122546781538645,0.137642726083138,0.153064313721997
0.106792089210756,0.122544590665045,0.137630352900747,0.152306804678609
0.106786567249637,0.122542437371763,0.137618359014126,0.151716972990475
0.106781187724091,0.122540320907928,0.137606711146459,0.151269087440652
0.106775944695359,0.122538240610111,0.137595381012935,0.150932251599886
0.106770831960013,0.122536195905371,0.137584344569178,0.150678144498275
0.10676584317358,0.122534186306848,0.137573581281439,0.150484090795569
0.106760971961059,0.12253221139418,0.137563073434858,0.150333201714209
0.106756212013568,0.122530270768797,0.137552805505183,0.150213332399344
0.106751557171423,0.122528363973901,0.137542763619824,0.150115859229894
0.106747001494154,0.122526490373429,0.137532935128069,0.150034663202697
0.106742539317557,0.122524648996532,0.137523308289379,0.149965386125255
0.106738165297615,0.122522838375018,0.137513872074909,0.149904912377041
0.106733874441004,0.122521056425313,0.137504616063328,0.149851010894572
0.106729662122183,0.122519300439555,0.137495530401407,0.149802085151896
0.106725524087592,0.122517567234045,0.137486605796263,0.149756995718585
0.106721456448212,0.122515853450871,0.137477833511466,0.149714932539655
0.106717455662477,0.122514155940096,0.137469205351759,0.149675322093691
0.106713518512061,0.122512472106722,0.137460713635831,0.149637759539129
0.106709642073423,0.122510800119795,0.13745235116705,0.149601959094693
0.106705823687901,0.122509138942665,0.137444111214301,0.149567717922838
0.106702060932837,0.122507488213495,0.13743598750948,0.149534890087859
0.106698351595579,0.122505848045832,0.137427974258956,0.149503368009792
0.106694693651471,0.122504218820201,0.137420066158721,0.149473069423919
0.106691085246234,0.12250260101371,0.137412258400046,0.14944392830432
0.106687524682468,0.122500995085793,0.137404546654943,0.149415888577851
0.106684010409601,0.122499401417211,0.137396927036617,0.149388899763735
0.106680541016343,0.122497820289199,0.137389396037109,0.149362913930738
0.106677115224628,0.122496251887784,0.1373819504503,0.149337883574951
0.106673731884125,0.122494696320697,0.137374587292079,0.149313760193988
0.106670389966538,0.122493153638211,0.137367303730322,0.149290493469055
0.10666708855914,0.122491623852765,0.13736009703555,0.149268031050249
0.106663826857192,0.122490106954927,0.1373529645594,0.149246318946124
0.106660604155082,0.122488602924983,0.13734590374314,0.149225302434462
0.106657419836153,0.12248711174037,0.13733891215348,0.149204927276
0.106654273361279,0.122485633379633,0.137331987538611,0.149185140915623
0.106651164256272,0.122484167823713,0.137325127894437,0.149165893378494
0.10664809209824,0.122482715055315,0.137318331529803,0.14914713771649
0.106645056501092,0.122481275057014,0.137311597120081,0.149128830051746
0.106642057100587,0.122479847808635,0.13730492374073,0.149110929396278
0.106639093539625,0.122478433284313,0.137298310875845,0.149093397449358
0.106636165454888,0.122477031449549,0.137291758400636,0.149076198509146
0.106633272466232,0.122475642258489,0.13728526654057,0.149059299542507
0.106630414170247,0.122474265651591,0.137278835812918,0.149042670389524
0.106627590138984,0.122472901553777,0.137272466958073,0.149026284056
0.106624799923919,0.122471549873115,0.137266160868187,0.149010117055793
0.106622043064109,0.122470210500047,0.137259918519471,0.148994149781102
0.106619319096479,0.122468883307106,0.137253740912457,0.148978366884975
0.106616627565732,0.122467568149087,0.137247629022272,0.148962757651958
0.106613968031593,0.122466264863556,0.137241583759243,0.148947316315457
0.106611340071954,0.122464973271618,0.137235605939124,0.148932042262937
0.106608743281607,0.122463693178822,0.137229696262078,0.14891694006033
0.106606177267264,0.12246242437612,0.137223855299798,0.148902019229474
0.106603641640248,0.12246116664079,0.137218083490481,0.14888729372905
0.106601136008447,0.122459919737258,0.13721238114146,0.148872781119543
0.106598659968935,0.122458683417812,0.137206748439068,0.148858501433432
0.106596213102304,0.122457457423194,0.137201185464758,0.148844475817365
0.106593794969233,0.122456241483124,0.13719569221592,0.148830725055556
0.106591405109425,0.122455035316836,0.137190268629378,0.148817268113196
0.106589043042661,0.122453838633719,0.137184914605325,0.148804120846582
0.106586708271547,0.122452651134159,0.137179630029537,0.148791295008038
0.10658440028539,0.122451472510714,0.137174414792108,0.148778797630282
0.106582118564621,0.122450302449654,0.137169268801451,0.14876663081604
0.106579862585239,0.122449140632925,0.137164191992952,0.148754791898663
0.106577631822802,0.12244798674048,0.137159184332154,0.148743273893418
0.106575425755632,0.122446840452904,0.137154245812778,0.148732066137391
0.106573243867012,0.122445701454175,0.137149376449943,0.148721155020672
0.106571085646315,0.122444569434388,0.137144576268843,0.148710524735706
0.106568950589119,0.12244344409225,0.137139845288657,0.14870015800253
0.106566838196513,0.122442325137174,0.137135183500831,0.148690036751566
0.10656474797387,0.12244121229086,0.137130590840184,0.148680142755044
0.10656267942945,0.122440105288267,0.137126067146905,0.148670458193943
0.106560632073184,0.122439003878009,0.13712161211801,0.148660966138165
0.10655860541595,0.122437907822187,0.137117225248856,0.148651650913655
0.106556598969617,0.1224368168958,0.137112905769274,0.148642498336933
0.106554612247963,0.122435730885816,0.137108652584284,0.148633495813307
0.106552644768523,0.122434649590075,0.137104464233741,0.148624632313181
0.106550696055264,0.122433572816111,0.137100338884974,0.148615898254437
0.106548765641908,0.122432500380036,0.137096274365217,0.148607285324441
0.106546853075631,0.122431432105534,0.137092268229085,0.148598786273635
0.106544957920831,0.122430367823037,0.137088317848148,0.148590394706756
0.106543079762588,0.122429307369098,0.137084420510809,0.148582104890746
0.106541218209443,0.122428250585982,0.137080573528186,0.148573911591951
0.106539372895113,0.122427197321434,0.137076774346108,0.148565809949829
0.106537543478755,0.122426147428629,0.137073020658412,0.148557795389603
0.106535729643456,0.122425100766249,0.137069310506525,0.148549863571848
0.106533931092693,0.122424057198661,0.137065642344504,0.148542010372948
0.106532147544655,0.122423016596158,0.137062015053001,0.148534231887291
0.106530378724529,0.122421978835228,0.137058427897681,0.148526524440566
0.106528624355155,0.122420943798827,0.137054880440088,0.148518884603925
0.106526884146795,0.122419911376622,0.137051372416287,0.148511309200854
0.106525157787136,0.1224188814652,0.137047903599697,0.148503795301796
0.106523444932968,0.122417853968219,0.137044473662215,0.148496340205222
0.106521745205108,0.122416828796496,0.137041082045362,0.148488941407235
0.106520058188043,0.122415805868041,0.137037727852783,0.148481596564519
0.106518383435266,0.122414785108022,0.137034409776539,0.148474303456975
0.106516720480553,0.122413766448673,0.137031126070266,0.148467059956436
0.106515068854381,0.122412749829158,0.137027874579817,0.148459864006443
0.106513428103754,0.122411735195387,0.137024652834741,0.148452713615392
0.106511797812969,0.122410722499795,0.137021458192587,0.14844560686236
0.106510177622611,0.122409711701104,0.1370182880157,0.14843854191226
0.106508567244375,0.122408702764057,0.137015139851581,0.148431517035535
0.106506966470053,0.122407695659145,0.137012011586907,0.148424530627399
0.106505375174036,0.122406690362328,0.137008901552538,0.14841758122263
0.106503793309714,0.122405686854759,0.137005808569598,0.148410667503411
0.106502220900881,0.122404685122505,0.137002731940134,0.148403788299218
0.106500658029736,0.122403685156284,0.136999671395585,0.14839694257894
0.106499104823148,0,0.136996627020305,0.148390129436002
0.106497561438665,0,0.136993599166265,0.148383348067564
0.106496028051405,0,0.136990588370728,0.148376597748886
0.10649450484258,0,0.136987595283626,0.148369877804106
0.106492991990032,0,0.136984620607107,0.148363187574986
0.106491489660865,0,0.136981665047104,0.148356526389831
0.106489998006074,0,0.136978729275555,0.148349893535596
0.106488517156937,0,0.136975813901893,0.148343288236948
0.106487047222907,0,0.136972919452702,0.148336709646425
0.106485588290728,0,0.136970046358893,0.1483301568495
0.106484140424542,0,0.136967194949846,0.148323628887056
0.106482703666778,0,0.136964365453872,0.148317124795598
0.106481278039672,0,0.136961558004022,0.148310643662646
0.106479863547309,0,0.136958772647997,0.148304184691669
0.106478460178089,0,0.13695600936066,0.148297747268172
0.106477067907567,0,0.136953268057709,0.148291331016656
0.106475686701595,0,0.136950548609207,0.148284935837812
0.106474316519727,0,0.136947850852014,0.148278561916881
0.106472957318817,0,0.136945174600544,0.148272209698104
0.10647160905675,0,0.136942519655575,0.14826587982643
0.106470271696235,0,0.136939885811199,0.148259573064898
0.10646894520856,0,0.136937272860112,0.148253290202479
0.106467629577237,0,0.136934680597605,0.148247031969996
0.106466324801418,0,0.13693210882461,0.148240798979618
0.10646503089897,0,0.136929557350148,0.148234591696579
0.106463747909068,0,0.136927025993453,0.148228410442861
0.106462475894145,0,0.136924514585978,0.148222255424763
0.106461214940999,0,0.136922022973412,0.148216126772266
0.106459965160825,0,0.136919551017721,0.148210024578343
0.10645872668789,0,0.136917098599178,0.148203948929769
0.106457499676572,0,0.136914665618235,0.148197899925451
0.106456284296452,0,0.136912251997028,0.148191877682118
0.106455080725181,0,0.136909857680217,0.148185882329616
0.106453889138957,0,0.136907482634857,0.148179913998976
0.106452709700524,0,0.136905126848916,0.14817397280635
0.106451542544852,0,0.136902790328151,0.148168058835321
0.106450387762897,0,0.136900473091102,0.148162172119431
0.106449245384114,0,0.136898175162163,0.14815631262612
0.106448115358761,0,0.136895896562905,0.14815048024272
0.106446997541245,0,0.136893637302143,0.148144674764667
0.106445891676034,0,0.1368913973655,0.148138895885707
0.106444797387671,0,0.136889176705463,0.148133143189568
0.106443714176349,0,0.136886975232979,0.148127416142541
0.106442641420194,0,0.136884792811455,0.148121714086614
0.106441578384859,0,0.136882629253618,0.148116036233316
0.106440524240392,0,0.136880484320995,0.148110381659212
0.106439478084548,0,0.136878357725053,0.148104749304725
0.106438438971015,0,0.136876249128385,0.148099137978622
0.106437405940403,0,0.136874158144069,0.14809354637057
0.106436378051541,0,0.136872084331561,0.148087973073713
0.106435354410591,0,0.136870027188348,0.148082416618038
0.1064343341958,0,0.136867986137894,0.148076875513626
0.106433316676288,0,0.136865960515884,0.148071348301047
0.106432301224,0,0.136863949558097,0.14806583360451
0.106431287318723,0,0.136861952393905,0.148060330182301
0.106430274546758,0,0.136859968049196,0.148054836968749
0.106429262594336,0,0.136857995461405,0.14804935310255
0.106428251237184,0,0.136856033507421,0.14804387793765
0.106427240327704,0,0.136854081042861,0.148038411034938
0.106426229781173,0,0.136852136949171,0.148032952135505
0.106425219562123,0,0.136850200183627,0.148027501118831
0.106424209671817,0,0.136848269827023,0.148022057951589
0.106423200137438,0,0.136846345124524,0.148016622634237
0.10642219100333,0,0.136844425516755,0.148011195152773
0.106421182324424,0,0.136842510660036,0.148005775441907
0.106420174161803,0,0.136840600436464,0.14800036336352
0.106419166580227,0,0.136838694955714,0.147994958701435
0.106418159647372,0,0.136836794550821,0.147989561170844
0.10641715343448,0,0.136834899769604,0.147984170438847
0.106416148018097,0,0.136833011361829,0.147978786151748
0.106415143482575,0,0.136831130259641,0.147973407964936
0.106414139923013,0,0.136829257545541,0.147968035571989
0.10641313744833,0,0.136827394398607,0.147962668730734
0.106412136184186,0,0.136825542007356,0.14795730728502
0.10641113627547,0,0.136823701438725,0.147951951181745
0,0,0.136821873460709,0.147946600483143
0,0,0.136820058333829,0.147941255374553
0,0,0.136818255612514,0.147935916167927
0,0,0.136816464022117,0.147930583301249
0,0,0.136814681482714,0.147925257333999
0,0,0.136812905320028,0.14791993893876
0,0,0.136811132638299,0.147914628889146
0,0,0.136809360759384,0.147909328044343
0,0,0.136807587599918,0.147904037330755
0,0,0.136805811886259,0.147898757721359
0,0,0.13680403317681,0.147893490213516
0,0,0.136802251730377,0.147888235805926
0,0,0.136800468294607,0.147882995475341
0,0,0.136798683885658,0.147877770153388
0,0,0.13679689960524,0.147872560703654
0,0,0.136795116513135,0.147867367898926
0,0,0.136793335553162,0.147862192398412
0,0,0.136791557520772,0.147857034724837
0,0,0.136789783058305,0.147851895241605
0,0,0.136788012665986,0.147846774130721
0,0,0.136786246720111,0.147841671372807
0,0,0.136784485493136,0.147836586731172
0,0,0.136782729172783,0.147831519742402
0,0,0.136780977878885,0.147826469716026
0,0,0.136779231677514,0.147821435745493
0,0,0.136777490592349,0.147816416731697
0,0,0.13677575461335,0.147811411418892
0,0,0.136774023702843,0.147806418441102
0,0,0.136772297799126,0.147801436375531
0,0,0.13677057681778,0.147796463798265
0,0,0.136768860650992,0.147791499337152
0,0,0.136767149165341,0.147786541717111
0,0,0.136765442198654,0.147781589794342
0,0,0.136763739556702,0.147776642577499
0,0,0.136762041010554,0.147771699235707
0,0,0.136760346295462,0.147766759094825
0,0,0.136758655111975,0.147761821624475
0,0,0.136756967129845,0.147756886418898
0,0,0.136755281994884,0.147751953174777
0,0,0.136753599338591,0.147747021668779
0,0,0.136751918789931,0.147742091737026
0,0,0.136750239988314,0.147737163257999
0,0,0.136748562596597,0.147732236139722
0,0,0.136746886312918,0.147727310311501
0,0,0.136745210880307,0.147722385719992
0,0,0.136743536093347,0.147717462329001
0,0,0.136741861801535,0.147712540122127
0,0,0.136740187909401,0.147707619107104
0,0,0.136738514373756,0.14770269932051
0,0,0.136736841198658,0.14769778083135
0,0,0.136735168428793,0.147692863741967
0,0,0.136733496141923,0.147687948184815
0,0,0.136731824440996,0.14768303431397
0,0,0.136730153446399,0.14767812229088
0,0,0.136728483288677,0.147673212264874
0,0,0.136726814101972,0.147668304350138
0,0,0.136725146018318,0.147663398602155
0,0,0.136723479162895,0.147658494997462
0,0,0.136721813650265,0.147653593420776
0,0,0.136720149581599,0.147648693662704
0,0,0.136718487042861,0.147643795429494
0,0,0.136716826103898,0.147638898363979
0,0,0.136715166818326,0.147634002074605
0,0,0.136713509224112,0.147629106167904
0,0,0.136711853344705,0.147624210279414
0,0,0.136710199190585,0.147619314098802
0,0,0.136708546761056,0.14761441738655
0,0,0.136706896046178,0.147609519981436
0,0,0.136705247028694,0.147604621799687
0,0,0.136703599685862,0.147599722827753
0,0,0.136701953991126,0.1475948231111
0,0,0.136700309915561,0.147589922741285
0,0,0.136698667429077,0.147585021843131
0,0,0.13669702650137,0.147580120563204
0,0,0.13669538710261,0.14757521906023
0,0,0.136693749203896,0.147570317497592
0,0,0.136692112777483,0.147565416037785
0,0,0.136690477796814,0.14756051483848
0,0,0.136688844236373,0.147555614049852
0,0,0.136687212071403,0.147550713812777
0,0,0.136685581277495,0.147545814257648
0,0,0.136683951830103,0.147540915503564
0,0,0.136682323704001,0.147536017657774
0,0,0.136680696872715,0.147531120815317
0,0,0.136679071307964,0.147526225058825
0,0,0.136677446979131,0.147521330458517
0,0,0.136675823852799,0.147516437072402
0,0,0.136674201892368,0.147511544946719
0,0,0.136672581057778,0.147506654116613
0,0,0.13667096130535,0.147501764607056
0,0,0.136669342587755,0.147496876433972
0,0,0.136667724854116,0.147491989605525
0,0,0.136666108050253,0.147487104123515
0,0,0.136664492119046,0.147482219984823
0,0,0.136662877000934,0.147477337182833
0,0,0.1366612626345,0.147472455708782
0,0,0.136659648957167,0.147467575552984
0,0,0.136658035905941,0.147462696705902
0,0,0.13665642341821,0.147457819159026
0,0,0.136654811432564,0.147452942905564
0,0,0.136653199889595,0.147448067940937
0,0,0.13665158873269,0.14744319426308
0,0,0.136649977908754,0.147438321872582
0,0,0.136648367368876,0.147433450772658
0,0,0.1366467570689,0.147428580969003
0,0,0.136645146969904,0.147423712469524
0,0,0.136643537038564,0.147418845283996
0,0,0.136641927247412,0.147413979423643
0,0,0.136640317574974,0.147409114900686
0,0,0.136638708005805,0.147404251727858
0,0,0.136637098530415,0.147399389917906
0,0,0.136635489145102,0.147394529483114
0,0,0.136633879851697,0.147389670434834
0,0,0.136632270657244,0.147384812783052
0,0,0.136630661573616,0.147379956536003
0,0,0.136629052617097,0.147375101699828
0,0,0.136627443807923,0.147370248278297
0,0,0.13662583516982,0.147365396272577
0,0,0.136624226729533,0.147360545681074
0,0,0.136622618516372,0.147355696499323
0,0,0.136621010561776,0.147350848719918
0,0,0.136619402898916,0.147346002332495
0,0,0.136617795562331,0.147341157323719
0,0,0.136616188587623,0.147336313677288
0,0,0.1366145820112,0.147331471373924
0,0,0.136612975870087,0.147326630391328
0,0,0.136611370201799,0.147321790704111
0,0,0.13660976504428,0.147316952283665
0,0,0.136608160435915,0.147312115098001
0,0,0.136606556415615,0.147307279111561
0,0,0.136604953022963,0.147302444285016
0,0,0.136603350298438,0.14729761057511
0,0,0.136601748283691,0.147292777934559
0,0,0.136600147021891,0.147287946312081
0,0,0.136598546558104,0.147283115652575
0,0,0.136596946939723,0.147278285897479
0,0,0.136595348216908,0.147273456985318
0,0,0.136593750443035,0.147268628852415
0,0,0.13659215367511,0.147263801433716
0,0,0.136590557974137,0.147258974663651
0,0,0.13658896340539,0.147254148476906
0,0,0.136587370038538,0.147249322809011
0,0,0.136585777947592,0.147244497596587
0,0,0.136584187210601,0.147239672777178
0,0,0.136582597909045,0.147234848288587
0,0,0.136581010126876,0.147230024067712
0,0,0.136579423949152,0.147225200048961
0,0,0.136577839460243,0.147220376162396
0,0,0.136576256741618,0.147215552331836
0,0,0.136574675869246,0.14721072847322
0,0,0.136573096910714,0.147205904493531
0,0,0.136571519922232,0.147201080290573
0,0,0.136569944945724,0.147196255753811
0,0,0.136568372006293,0.147191430766346
0,0,0.136566801110361,0.147186605207972
0,0,0.136565232244767,0.147181778959063
0,0,0.136563665377071,0.147176951904976
0,0,0.13656210045718,0.1471721239405
0,0,0.136560537420259,0.147167294973964
0,0,0.136558976190664,0.147162464930595
0,0,0.136557416686459,0.147157633754881
0,0,0.136555858823834,0.147152801411801
0,0,0.136554302520668,0.147147967886935
0,0,0.13655274769842,0.147143133185579
0,0,0.136551194281651,0.147138297331073
0,0,0.136549642194739,0.147133460362584
0,0,0.136548091355687,0.147128622332611
0,0,0.136546541667433,0.147123783304434
0,0,0.136544993007563,0.147118943349699
0,0,0.136543445217807,0.147114102546273
0,0,0.136541898095032,0.147109260976459
0,0,0.13654035138557,0.14710441872561
0,0,0.136538804784497,0.147099575881152
0,0,0.136537257940966,0.147094732531973
0,0,0.136535710469871,0.147089888768159
0,0,0.136534161969119,0.147085044680989
0,0,0.136532612040883,0.147080200363157
0,0,0.136531060314453,0.147075355909118
0,0,0.136529506468062,0.147070511415526
0,0,0.136527950247207,0.147065666981674
0,0,0.136526391477606,0.147060822709888
0,0,0.136524830071803,0.147055978705829
0,0,0.136523266029354,0.147051135078646
0,0,0.136521699431321,0.147046291940964
0,0,0.136520130430366,0.147041449408671
0,0,0.136518559237977,0.147036607600512
0,0,0.136516986110317,0.147031766637484
0,0,0.136515411334025,0.147026926642062
0,0,0.136513835212908,0.147022087737282
0,0,0.136512258056198,0.147017250045726
0,0,0.136510680168682,0.147012413688468
0,0,0.1365091018428,0.147007578784017
0,0,0.136507523352633,0.147002745447338
0,0,0.136505944949596,0.146997913788972
0,0,0.136504366859625,0.146993083914321
0,0,0.136502789281607,0.146988255923113
0,0,0.136501212386854,0.14698342990907
0,0,0.136499636319409,0.146978605959773
0,0,0.136498061197033,0.146973784156725
0,0,0.136496487112719,0.146968964575559
0,0,0.136494914136605,0.14696414728638
0,0,0.136493342318174,0.146959332354166
0,0,0.136491771688629,0.146954519839185
0,0,0.136490202263347,0.146949709797368
0,0,0.136488634044319,0.146944902280575
0,0,0.136487067022473,0.146940097336708
0,0,0.136485501179839,0.146935295009632
0,0,0.136483936491464,0.146930495338866
0,0,0.136482372927064,0.146925698359052
0,0,0.136480810452374,0.146920904099206
0,0,0.136479249030206,0.146916112581801
0,0,0.136477688621221,0.146911323821735
0,0,0.136476129184462,0.146906537825282
0,0,0.136474570677665,0.146901754589121
0,0,0.136473013057428,0.146896974099555
0,0,0.136471456279253,0.146892196332021
0,0,0.13646990029754,0.146887421250993
0,0,0.136468345065549,0.146882648810317
0,0,0.136466790535383,0.146877878954029
0,0,0.136465236658,0.146873111617622
0,0,0.136463683383285,0.146868346729715
0,0,0.136462130660167,0.14686358421402
0,0,0.136460578436802,0.146858823991499
0,0,0.136459026660796,0.146854065982573
0,0,0.136457475279464,0.146849310109248
0,0,0.136455924240111,0.146844556297044
0,0,0.136454373490319,0.146839804476627
0,0,0.136452822978229,0.146835054585082
0,0,0.136451272652811,0.146830306566802
0,0,0.136449722464103,0.146825560373979
0,0,0.13644817236343,0.146820815966732
0,0,0.136446622303594,0.146816073312923
0,0,0.136445072239035,0.146811332387708
0,0,0.13644352212597,0.1468065931729
0,0,0.136441971922518,0.146801855656205
0,0,0.136440421588809,0.14679711983039
0,0,0.136438871087086,0.146792385692442
0,0,0.136437320381814,0.146787653242752
0,0,0.136435769439777,0.146782922484359
0,0,0.136434218230191,0.146778193422291
0,0,0.136432666724817,0.146773466062989
0,0,0.136431114898078,0.146768740413846
0,0,0.136429562727173,0.146764016482849
0,0,0.136428010192199,0.146759294278321
0,0,0.136426457276251,0.146754573808754
0,0,0.136424903965531,0.146749855082736
0,0,0.136423350249428,0.14674513810894
0,0,0.136421796120602,0.146740422896185
0,0,0.136420241575047,0.146735709453543
0,0,0.136418686612155,0.146730997790495
0,0,0.136417131234788,0.146726287917111
0,0,0.136415575449366,0.146721579844258
0,0,0.136414019265989,0.146716873583826
0,0,0.136412462698615,0.146712169148952
0,0,0.136410905765313,0.146707466554255
0,0,0.136409348488613,0.146702765816058
0,0,0.136407790895969,0.146698066952601
0,0,0.13640623302035,0.146693369984242
0,0,0.13640467490097,0.146688674933628
0,0,0.136403116584142,0.146683981825844
0,0,0.136401558124241,0.146679290688537
0,0,0.136399999584741,0.146674601551993
0,0,0.136398441039252,0.146669914449187
0,0,0.136396882572488,0.146665229415785
0,0,0.136395324281057,0.146660546490098
0,0,0.136393766273935,0.146655865712994
0,0,0.136392208672514,0.146651187127753
0,0,0.136390651610062,0.146646510779866
0,0,0.136389095230491,0.146641836716786
0,0,0.136387539686324,0.146637164987616
0,0,0.136385985135841,0.146632495642743
0,0,0.136384431739413,0.146627828733416
0,0,0.136382879655152,0.146623164311276
0,0,0.136381329034067,0.146618502427833
0,0,0.13637978001501,0.146613843133898
0,0,0.136378232719758,0.146609186478989
0,0,0.136376687248603,0.146604532510698
0,0,0.136375143676813,0.146599881274055
0,0,0.136373602052276,0.146595232810875
0,0,0.136372062394537,0.146590587159124
0,0,0.136370524695294,0.14658594435231
0,0,0.13636898892031,0.146581304418905
0,0,0.136367455012504,0.146576667381832
0,0,0.136365922895926,0.146572033258014
0,0,0.136364392480205,0.146567402058013
0,0,0.136362863665065,0.146562773785754
0,0,0.136361336344517,0.14655814843836
0,0,0.13635981041045,0.146553526006085
0,0,0.136358285755395,0.146548906472357
0,0,0.136356762274432,0.146544289813919
0,0,0.136355239866258,0.146539676001065
0,0,0.136353718433573,0.146535064997949
0,0,0.136352197882985,0.146530456762957
0,0,0.136350678124661,0.146525851249121
0,0,0.13634915907194,0.146521248404547
0,0,0.136347640641099,0.146516648172843
0,0,0.136346122751377,0.146512050493527
0,0,0.136344605325321,0.14650745530239
0,0,0.136343088289451,0.146502862531816
0,0,0.136341571575171,0.146498272111046
0,0,0.136340055119831,0.14649368396638
0,0,0.136338538867823,0.146489098021345
0,0,0.136337022771582,0.146484514196824
0,0,0.136335506792401,0.146479932411177
0,0,0.13633399090097,0.146475352580375
0,0,0.1363324750776,0.146470774618176
0,0,0.136330959312116,0.146466198436365
0,0,0.136329443603448,0.146461623945086
0,0,0.136327927958966,0.146457051053283
0,0,0.136326412393615,0.146452479669273
0,0,0.136324896928938,0.146447909701434
0,0,0.136323381592062,0.146443341059034
0,0,0.136321866414719,0.146438773653169
0,0,0.13632035143238,0.146434207397802
0,0,0.136318836683557,0.146429642210884
0,0,0.136317322209321,0.146425078015515
0,0,0.136315808053079,0.146420514741137
0,0,0.13631429426064,0.146415952324715
0,0,0.13631278088059,0.146411390711888
0,0,0.136311267964983,0.146406829858056
0,0,0.136309755570366,0.146402269729391
0,0,0.136308243759121,0.146397710303736
0,0,0.136306732601115,0.146393151571382
0,0,0.136305222175612,0.146388593535685
0,0,0.136303712573388,0.146384036213515
0,0,0.136302203898924,0.14637947963549
0,0,0.136300696272514,0.146374923845982
0,0,0.136299189832008,0.146370368902857
0,0,0.136297684733818,0.146365814876936
0,0,0.136296181152664,0.146361261851155
0,0,0.136294679279399,0.146356709919431
0,0,0.13629317931612,0.146352159185248
0,0,0.136291681467732,0.146347609759997
0,0,0.13629018592923,0.146343061761137
0,0,0.136288692868358,0.146338515310239
0,0,0.136287202404009,0.14633397053101
0,0,0.136285714581882,0.146329427547384
0,0,0.136284229350286,0.146324886481777
0,0,0.13628274654039,0.146320347453568
0,0,0.136281265855976,0.146315810577883
0,0,0.13627978687738,0.146311275964695
0,0,0.136278309082271,0.146306743718255
0,0,0.136276831882475,0.146302213936841
0,0,0.136275354672053,0.146297686712765
0,0,0.136273876878696,0.146293162132608
0,0,0.136272398009439,0.146288640277604
0,0,0.136270917683272,0.14628412122412
0,0,0.136269435646667,0.146279605044186
0,0,0.136267951772178,0.146275091806005
0,0,0.136266466043552,0.146270581574448
0,0,0.136264978532552,0.14626607441148
0,0,0.136263489372766,0.146261570376518
0,0,0.136261998734639,0.146257069526729
0,0,0.136260506804403,0.146252571917255
0,0,0.136259013768088,0.146248077601384
0,0,0.136257519800672,0.146243586630674
0,0,0.136256025059715,0.146239099055037
0,0,0.136254529682517,0.14623461492279
0,0,0.136253033785809,0.146230134280694
0,0,0.136251537467083,0.146225657173966
0,0,0.136250040806857,0.146221183646293
0,0,0.136248543871356,0.146216713739825
0,0,0.136247046715257,0.146212247495175
0,0,0.136245549384271,0.146207784951412
0,0,0.136244051917434,0.146203326146057
0,0,0.136242554349035,0.146198871115077
0,0,0.13624105671015,0.146194419892883
0,0,0.136239559029767,0.146189972512335
0,0,0.136238061335489,0.146185529004753
0,0,0.136236563653819,0.146181089399927
0,0,0.13623506601,0.14617665372615
0,0,0.136233568427413,0.146172222010249
0,0,0.136232070926537,0.146167794277631
0,0,0.136230573523476,0.146163370552344
0,0,0.136229076228132,0.14615895085714
0,0,0.136227579042106,0.146154535213559
0,0,0.136226081956498,0.146150123642017
0,0,0.136224584949829,0.146145716161905
0,0,0.13622308798635,0.146141312791692
0,0,0.136221591015046,0.146136913549036
0,0,0.136220093969608,0.14613251845089
0,0,0.13621859676958,0.146128127513605
0,0,0.136217099322756,0.146123740753028
0,0,0.136215601528739,0.146119358184582
0,0,0.136214103283372,0.146114979823327
0,0,0.13621260448362,0.146110605683993
0,0,0.136211105032379,0.146106235780986
0,0,0.136209604842705,0.146101870128345
0,0,0.136208103841033,0.146097508739666
0,0,0.136206601969154,0.146093151627966
0,0,0.136205099184848,0.14608879880549
0,0,0.136203595461313,0.146084450283469
0,0,0.136202090785624,0.146080106071805
0,0,0.136200585156523,0.146075766178702
0,0,0.136199078581881,0.146071430610237
0,0,0.136197571076099,0.146067099369886
0,0,0.136196062657689,0.146062772458
0,0,0.136194553347171,0.146058449871264
0,0,0.13619304316536,0.146054131602143
0,0,0.136191532132078,0.146049817638341
0,0,0.136190020265259,0.146045507962299
0,0,0.1361885075804,0.146041202550758
0,0,0.136186994090307,0.146036901374411
0,0,0.136185479805071,0.146032604397672
0,0,0.136183964732217,0.146028311578588
0,0,0.136182448876965,0.146024022868906
0,0,0.136180932242587,0.146019738214315
0,0,0.136179414830794,0.146015457554859
0,0,0.136177896642155,0.146011180825526
0,0,0.136176377676512,0.146006907956982
0,0,0.136174857933387,0.146002638876447
0,0,0.136173337412363,0.145998373508669
0,0,0.136171816113447,0.145994111776959
0,0,0.136170294037391,0.145989853604248
0,0,0.136168771185989,0.145985598914133
0,0,0.136167247562322,0.145981347631852
0,0,0.136165723170983,0.145977099685175
0,0,0.136164198018242,0.145972855005167
0,0,0.136162672112182,0.145968613526803
0,0,0.136161145462781,0.145964375189434
0,0,0.13615961808196,0.145960139937087
0,0,0.13615808998357,0.145955907718614
0,0,0.136156561183349,0.145951678487697
0,0,0.136155031698824,0.145947452202739
0,0,0.13615350154917,0.145943228826645
0,0,0.13615197075504,0.145939008326544
0,0,0.136150439338346,0.145934790673462
0,0,0.136148907322016,0.145930575841979
0,0,0.136147374729731,0.145926363809901
0,0,0.136145841585634,0.145922154557962
0,0,0.136144307914042,0.145917948069587
0,0,0.136142773739142,0.145913744330722
0,0,0.136141239084708,0.145909543329754
0,0,0.136139703973812,0.145905345057522
0,0,0.136138168428574,0.145901149507429
0,0,0.136136632469919,0.14589695667565
0,0,0.136135096117371,0.145892766561436
0,0,0.136133559388884,0.145888579167506
0,0,0.136132022300695,0.145884394500509
0,0,0.136130484867221,0.145880212571543
0,0,0.136128947100989,0.145876033396722
0,0,0.1361274090126,0.14587185699774
0,0,0.136125870610724,0.145867683402448
0,0,0.136124331902127,0.145863512645373
0,0,0.13612279289172,0.145859344768183
0,0,0.136121253582637,0.145855179820065
0,0,0.13611971397633,0.145851017857973
0,0,0.136118174072677,0.145846858946743
0,0,0.136116633870102,0.145842703159053
0,0,0.136115093365696,0.145838550575204
0,0,0.136113552555341,0.145834401282731
0,0,0.136112011433825,0.145830255375838
0,0,0.136110469994951,0.14582611295467
0,0,0.13610892823164,0.145821974124437
0,0,0.136107386136033,0.145817838994431
0,0,0.136105843699608,0.145813707676943
0,0,0.136104300913321,0.145809580286139
0,0,0.136102757767779,0.145805456936932
0,0,0.136101214253472,0.145801337743877
0,0,0.136099670361037,0.145797222820141
0,0,0.136098126081569,0.145793112276572
0,0,0.136096581406932,0.145789006220905
0,0,0.136095036330048,0.145784904757104
0,0,0.13609349084514,0.145780807984874
0,0,0.136091944947882,0.145776715999323
0,0,0.136090398635455,0.145772628890773
0,0,0.136088851906508,0.145768546744709
0,0,0.13608730476103,0.145764469641824
0,0,0.136085757200155,0.145760397658145
0,0,0.136084209225932,0.145756330865204
0,0,0.136082660841089,0.145752269330215
0,0,0.136081112048805,0.14574821311622
0,0,0.136079562852513,0.14574416228219
0,0,0.136078013255743,0.145740116883036
0,0,0.136076463262017,0.145736076969527
0,0,0.136074912874777,0.145732042588097
0,0,0.136073362097357,0.145728013780544
0,0,0.13607181093299,0.14572399058363
0,0,0.136070259384832,0.145719973028601
0,0,0.136068707456013,0.145715961140643
0,0,0.136067155149687,0.145711954938328
0,0,0.136065602469093,0.14570795443306
0,0,0.136064049417613,0.145703959628587
0,0,0.136062495998828,0.145699970520588
0,0,0.136060942216558,0.145695987096397
0,0,0.136059388074902,0.14569200933487
0,0,0.136057833578264,0.145688037206424
0,0,0.136056278731362,0.14568407067326
0,0,0.136054723539235,0.145680109689761
0,0,0.136053168007231,0.145676154203065
0,0,0.136051612140988,0.145672204153787
0,0,0.136050055946404,0.145668259476869
0,0,0.136048499429594,0.145664320102527
0,0,0.136046942596849,0.145660385957251
0,0,0.136045385454572,0.145656456964847
0,0,0.136043828009222,0.145652533047459
0,0,0.136042270267247,0.145648614126569
0,0,0.136040712235013,0.145644700123929
0,0,0.136039153918732,0.14564079096242
0,0,0.136037595324389,0.145636886566816
0,0,0.136036036457668,0.145632986864452
0,0,0.136034477323884,0.145629091785783
0,0,0.136032917927915,0.145625201264855
0,0,0.136031358274137,0.14562131523967
0,0,0.136029798366368,0.14561743365248
0,0,0.136028238207825,0.145613556450007
0,0,0.136026677801073,0.145609683583605
0,0,0.136025117148003,0.145605815009385
0,0,0.136023556249807,0.145601950688315
0,0,0.136021995106967,0.145598090586305
0,0,0.136020433719257,0.145594234674293
0,0,0.136018872085758,0.145590382928339
0,0,0.136017310204871,0.145586535329735
0,0,0.136015748074361,0.145582691865126
0,0,0.136014185691385,0.145578852526647
0,0,0.13601262305255,0.145575017312056
0,0,0.136011060153961,0.145571186224859
0,0,0.136009496991281,0.145567359274397
0,0,0.136007933559789,0.145563536475881
0,0,0.136006369854443,0.145559717850344
0,0,0.136004805869934,0.145555903424468
0,0,0.136003241600745,0.145552093230288
0,0,0.136001677041199,0.145548287304718
0,0,0.136000112185503,0.145544485688891
0,0,0.135998547027784,0.145540688427308
0,0,0.135996981562119,0.145536895566783
0,0,0.135995415782555,0.145533107155204
0,0,0.135993849683122,0.145529323240132
0,0,0.13599228325784,0.145525543867273
0,0,0.135990716500718,0.145521769078883
0,0,0.135989149405748,0.145517998912158
0,0,0.135987581966895,0.145514233397695
0,0,0.135986014178082,0.145510472558083
0,0,0.135984446033179,0.145506716406717
0,0,0.135982877525985,0.1455029649469
0,0,0.135981308650211,0.145499218171312
0,0,0.135979739399472,0.145495476061897
0,0,0.135978169767276,0.145491738590221
0,0,0.135976599747011,0.145488005718333
0,0,0.135975029331951,0.145484277400144
0,0,0.135973458515247,0.145480553583323
0,0,0.135971887289939,0.14547683421169
0,0,0.135970315648959,0.145473119228051
0,0,0.135968743585148,0.145469408577406
0,0,0.135967171091265,0.145465702210422
0,0,0.135965598160011,0.145462000087032
0,0,0.135964024784044,0.145458302179974
0,0,0.135962450956004,0.14545460847807
0,0,0.135960876668535,0.145450918988997
0,0,0.135959301914307,0.145447233741298
0,0,0.135957726686041,0.145443552785398
0,0,0.13595615097653,0.145439876193397
0,0,0.135954574778659,0.145436204057505
0,0,0.135952998085429,0.145432536487085
0,0,0.135951420889973,0.145428873604365
0,0,0.135949843185569,0.14542521553905
0,0,0.13594826496566,0.145421562422189
0,0,0.135946686223862,0.145417914379756
0,0,0.135945106953975,0.145414271526457
0,0,0.135943527149991,0.145410633960303
0,0,0.135941946806101,0.145407001758377
0,0,0.135940365916701,0.145403374974133
0,0,0.135938784476396,0.145399753636373
0,0,0.13593720248001,0.145396137749869
0,0,0.13593561992259,0.145392527297424
0,0,0.135934036799421,0.145388922243042
0,0,0.135932453106037,0.145385322535785
0,0,0.135930868838242,0.145381728113889
0,0,0.135929283992138,0.145378138908755
0,0,0.135927698564156,0.145374554848488
0,0,0.135926112551101,0.145370975860779
0,0,0.135924525950205,0.145367401875029
0,0,0.135922938759184,0.145363832823681
0,0,0.135921350976315,0.145360268642859
0,0,0.135919762600515,0.145356709272402
0,0,0.135918173631429,0.145353154655459
0,0,0.13591658406953,0.145349604737795
0,0,0.135914993916223,0.145346059466964
0,0,0.135913403173946,0.145342518791487
0,0,0.135911811846278,0.145338982660138
0,0,0.135910219938046,0.145335451021459
0,0,0.135908627455419,0.145331923823544
0,0,0.135907034406002,0.145328401014177
0,0,0.135905440798915,0.145324882541346
0,0,0.135903846644858,0.145321368354153
0,0,0.135902251956163,0.145317858404144
0,0,0.135900656746831,0.145314352647042
0,0,0.135899061032546,0.145310851044857
0,0,0.135897464830674,0.145307353568343
0,0,0.13589586816025,0.14530386019973
0,0,0.135894271041936,0.145300370935636
0,0,0.135892673497975,0.145296885790045
0,0,0.135891075552122,0.145293404797199
0,0,0.135889477229568,0.14528992801422
0,0,0.135887878556854,0.145286455523263
0,0,0.135886279561768,0.145282987432997
0,0,0.135884680273246,0.145279523879194
0,0,0.135883080721261,0.145276065024245
0,0,0.135881480936712,0.145272611055486
0,0,0.135879880951307,0.145269162182248
0,0,0.13587828079745,0.145265718631673
0,0,0.135876680508126,0.145262280643424
0,0,0.135875080116783,0.145258848463536
0,0,0.135873479657218,0.14525542233771
0,0,0.135871879163461,0.145252002504474
0,0,0.13587027866966,0.14524858918862
0,0,0.135868678209958,0.145245182595315
0,0,0.135867077818371,0.145241782905256
0,0,0.135865477528656,0.145238390271103
0,0,0.135863877374168,0.145235004815336
0,0,0.135862277387706,0.145231626629531
0,0,0.135860677601337,0.14522825577496
0,0,0.135859078046194,0.1452248922843
0,0,0.135857478752251,0.145221536164186
0,0,0.135855879748057,0.145218187398321
0,0,0.135854281060429,0.145214845950865
0,0,0.135852682714098,0.145211511769827
0,0,0.135851084731302,0.145208184790291
0,0,0.135849487131325,0.145204864937299
0,0,0.13584788992998,0.145201552128326
0,0,0.135846293139043,0.145198246275304
0,0,0.135844696765638,0.145194947286183
0,0,0.135843100811595,0.14519165506609
0,0,0.135841505272805,0.145188369518107
0,0,0.135839910138578,0.145185090543742
0,0,0.135838315391063,0.145181818043158
0,0,0.135836721004743,0.145178551915198
0,0,0.135835126946062,0.145175292057279
0,0,0.135833533173212,0.145172038365169
0,0,0.135831939636122,0.145168790732718
0,0,0.135830346276676,0.145165549051535
0,0,0.135828753029179,0.14516231321065
0,0,0.135827159821075,0.145159083096176
0,0,0.135825566573917,0.145155858590982
0,0,0.135823973204547,0.145152639574386
0,0,0.135822379626461,0.14514942592188
0,0,0.1358207857513,0.145146217504901
0,0,0.135819191490409,0.145143014190648
0,0,0.135817596756393,0.145139815841978
0,0,0.13581600146461,0.145136622317376
0,0,0.135814405534544,0.145133433471023
0,0,0.135812808891005,0.145130249152986
0,0,0.135811211465113,0.145127069209546
0,0,0.135809613195056,0.145123893483681
0,0,0.135808014026597,0.145120721815743
0,0,0.135806413913341,0.145117554044322
0,0,0.135804812816784,0.145114390007342
0,0,0.135803210706152,0.145111229543383
0,0,0.135801607558068,0.145108072493243
0,0,0.135800003356088,0.145104918701732
0,0,0.135798398090126,0.145101768019672
0,0,0.135796791755812,0.145098620306086
0,0,0.135795184353809,0.145095475430497
0,0,0.135793575889124,0.145092333275287
0,0,0.135791966370417,0.145089193738007
0,0,0.135790355809356,0.145086056733532
0,0,0.135788744219993,0.145082922195934
0,0,0.135787131618216,0.145079790079935
0,0,0.135785518021239,0.145076660361821
0,0,0.135783903447165,0.145073533039685
0,0,0.135782287914601,0.145070408132935
0,0,0.135780671442344,0.145067285681006
0,0,0.135779054049109,0.14506416574132
0,0,0.135777435753323,0.145061048386565
0,0,0.135775816572954,0.145057933701481
0,0,0.13577419652539,0.145054821779387
0,0,0.135772575627354,0.145051712718768
0,0,0.135770953894846,0.145048606620273
0,0,0.135769331343119,0.145045503584483
0,0,0.135767707986674,0.145042403710813
0,0,0.135766083839275,0.145039307097805
0,0,0.135764458913976,0.145036213844998
0,0,0.135762833223161,0.145033124056374
0,0,0.135761206778601,0.145030037845251
0,0,0.135759579591503,0.14502695534026
0,0,0.135757951672572,0.145023876691894
0,0,0.13575632303208,0.145020802078942
0,0,0.135754693679924,0.145017731714048
0,0,0.135753063625692,0.145014665847584
0,0,0.135751432878729,0.145011604769133
0,0,0.135749801448197,0.145008548806017
0,0,0.135748169343131,0.145005498318595
0,0,0.135746536572497,0.145002453692379
0,0,0.135744903145246,0.144999415327366
0,0,0.135743269070355,0.144996383625351
0,0,0.135741634356877,0.144993358976192
0,0,0.135739999013978,0.144990341744202
0,0,0.135738363050969,0.144987332255762
0,0,0.135736726477341,0.144984330789157
0,0,0.135735089302784,0.144981337567306
0,0,0.135733451537208,0.144978352753769
0,0,0.135731813190759,0.144975376452001
0,0,0.13573017427383,0.144972408707554
0,0,0.135728534797058,0.144969449512679
0,0,0.13572689477133,0.144966498812635
0,0,0.135725254207772,0.144963556513021
0,0,0.135723613117741,0.144960622487454
0,0,0.135721971512804,0.144957696585079
0,0,0.135720329404718,0.144954778637484
0,0,0.135718686805404,0.144951868464793
0,0,0.135717043726912,0.144948965880784
0,0,0.135715400181387,0.144946070697026
0,0,0.135713756181025,0.144943182726082
0,0,0.135712111738029,0.144940301783867
0,0,0.135710466864561,0.144937427691289
0,0,0.135708821572684,0.144934560275299
0,0,0.135707175874309,0.144931699369468
0,0,0.135705529781135,0.14492884481419
0,0,0.135703883304583,0.144925996456623
0,0,0.13570223645574,0.144923154150423
0,0,0.135700589245288,0.144920317755339
0,0,0.135698941683441,0.144917487136718
0,0,0.135697293779879,0.144914662164963
0,0,0.135695645543689,0.144911842714954
0,0,0.135693996983297,0.144909028665477
0,0,0.135692348106416,0.144906219898671
0,0,0.135690698919987,0.144903416299507
0,0,0.135689049430131,0.144900617755318
0,0,0.135687399642108,0.144897824155393
0,0,0.135685749560273,0.144895035390644
0,0,0.135684099188054,0.144892251353366
0,0,0.135682448527923,0.144889471937084
0,0,0.135680797581388,0.144886697036516
0,0,0.135679146348982,0.144883926547643
0,0,0.135677494830273,0.144881160367888
0,0,0.135675843023876,0.144878398396424
0,0,0.135674190927473,0.144875640534582
0,0,0.135672538537845,0.144872886686367
0,0,0.135670885850916,0.144870136759072
0,0,0.135669232861793,0.144867390663958
0,0,0.135667579564825,0.144864648317004
0,0,0.135665925953663,0.144861909639678
0,0,0.135664272021323,0.144859174559724
0,0,0.135662617760261,0.144856443011917
0,0,0.135660963162439,0.144853714938777
0,0,0.135659308219406,0.144850990291183
0,0,0.135657652922374,0.14484826902888
0,0,0.135655997262293,0.144845551120842
0,0,0.135654341229929,0.144842836545461
0,0,0.135652684815939,0.144840125290546
0,0,0.135651028010949,0.144837417353116
0,0,0.135649370805621,0.144834712738986
0,0,0.135647713190725,0.144832011462135
0,0,0.135646055157209,0.144829313543882
0,0,0.135644396696259,0.144826619011878
0,0,0.135642737799366,0.144823927898964
0,0,0.135641078458382,0.144821240241904
0,0,0.135639418665581,0.14481855608007
0,0,0.135637758413714,0.14481587545411
0,0,0.13563609769606,0.144813198404652
0,0,0.135634436506486,0.144810524971102
0,0,0.135632774839491,0.144807855190568
0,0,0.135631112690265,0.144805189096954
0,0,0.135629450054731,0.144802526720253
0,0,0.135627786929601,0.144799868086044
0,0,0.135626123312422,0.144797213215201
0,0,0.135624459201623,0.144794562123808
0,0,0.135622794596563,0.144791914823257
0,0,0.135621129497574,0.144789271320504
0,0,0.135619463906007,0.144786631618447
0,0,0.135617797824262,0.144783995716397
0,0,0.135616131255834,0.144781363610601
0,0,0.135614464205334,0.144778735294788
0,0,0.135612796678514,0.1447761107607
0,0,0.135611128682285,0.144773489998597
0,0,0.135609460224722,0.144770872997704
0,0,0.135607791315064,0.1447682597466
0,0,0.135606121963693,0.144765650233528
0,0,0.135604452182118,0.144763044446643
0,0,0.135602781982925,0.144760442374181
0,0,0.135601111379734,0.144757844004578
0,0,0.135599440387121,0.144755249326522
0,0,0.135597769020544,0.14475265832897
0,0,0.13559609729624,0.144750071001129
0,0,0.135594425231115,0.144747487332419
0,0,0.135592752842618,0.144744907312416
0,0,0.135591080148601,0.144742330930797
0,0,0.13558940716717,0.144739758177293
0,0,0.135587733916524,0.144737189041643
0,0,0.135586060414791,0.144734623513571
0,0,0.135584386679847,0.144732061582782
0,0,0.135582712729148,0.14472950323898
0,0,0.135581038579549,0.144726948471903
0,0,0.135579364247135,0.144724397271391
0,0,0.135577689747047,0.144721849627474
0,0,0.135576015093326,0.144719305530481
0,0,0.135574340298761,0.144716764971173
0,0,0.135572665374754,0.144714227940895
0,0,0.135570990331199,0.144711694431752
0,0,0.135569315176372,0.144709164436794
0,0,0.135567639916851,0.144706637950223
0,0,0.135565964557443,0.144704114967614
0,0,0.135564289101134,0.144701595486142
0,0,0.135562613549067,0.144699079504825
0,0,0.135560937900525,0.144696567024767
0,0,0.135559262152943,0.144694058049411
0,0,0.135557586301935,0.144691552584787
0,0,0.135555910341336,0.144689050639755
0,0,0.135554234263263,0.144686552226239
0,0,0.135552558058186,0.144684057359443
0,0,0.135550881715008,0.144681566058044
0,0,0.135549205221165,0.144679078344349
0,0,0.135547528562726,0.144676594244416
0,0,0.135545851724501,0.144674113788118
0,0,0.135544174690153,0.144671637009155
0,0,0.135542497442321,0.144669163944995
0,0,0.135540819962733,0.144666694636731
0,0,0.135539142232329,0.144664229128867
0,0,0.135537464231379,0.144661767469009
0,0,0.135535785939598,0.144659309707463
0,0,0.135534107336265,0.144656855896751
0,0,0.135532428400331,0.144654406091033
0,0,0.135530749110526,0.14465196034546
0,0,0.135529069445461,0.144649518715452
0,0,0.135527389383729,0.144647081255931
0,0,0.135525708903993,0.144644648020518
0,0,0.135524027985072,0.144642219060717
0,0,0.135522346606026,0.144639794425112
0,0,0.135520664746224,0.1446373741586
0,0,0.135518982385417,0.144634958301671
0,0,0.135517299503801,0.14463254688978
0,0,0.135515616082068,0.144630139952808
0,0,0.135513932101465,0.144627737514637
0,0,0.135512247543831,0.144625339592859
0,0,0.135510562391643,0.144622946198603
0,0,0.135508876628049,0.144620557336511
0,0,0.135507190236899,0.144618173004835
0,0,0.13550550320277,0.144615793195661
0,0,0.13550381551099,0.144613417895247
0,0,0.135502127147653,0.144611047084459
0,0,0.135500438099643,0.144608680739287
0,0,0.135498748354639,0.144606318831424
0,0,0.135497057901131,0.144603961328894
0,0,0.135495366728433,0.144601608196702
0,0,0.135493674826686,0.144599259397493
0,0,0.135491982186873,0.14459691489221
0,0,0.135490288800829,0.144594574640727
0,0,0.135488594661246,0.144592238602451
0,0,0.13548689976169,0.144589906736884
0,0,0.135485204096612,0.144587579004138
0,0,0.135483507661366,0.144585255365393
0,0,0.135481810452221,0.1445829357833
0,0,0.135480112466387,0.144580620222329
0,0,0.135478413702035,0.144578308649053
0,0,0.135476714158323,0.144576001032377
0,0,0.135475013835422,0.144573697343711
0,0,0.13547331273455,0.144571397557087
0,0,0.135471610858002,0.144569101649228
0,0,0.135469908209182,0.144566809599571
0,0,0.135468204792644,0.14456452139024
0,0,0.135466500614121,0.144562237005989
0,0,0.135464795680561,0.144559956434105
0,0,0.135463090000165,0.144557679664282
0,0,0.135461383582408,0.144555406688472
0,0,0.135459676438076,0.144553137500717
0,0,0.135457968579279,0.144550872096965
0,0,0.135456260019471,0.144548610474882
0,0,0.135454550773454,0.144546352633651
0,0,0.135452840857379,0.14454409857378
0,0,0.135451130288731,0.144541848296914
0,0,0.13544941908631,0.144539601805651
0,0,0.135447707270191,0.144537359103374
0,0,0.135445994861679,0.144535120194091
0,0,0.135444281883249,0.144532885082297
0,0,0.135442568358468,0.144530653772848
0,0,0.135440854311911,0.144528426270841
0,0,0.135439139769062,0.144526202581523
0,0,0.135437424756204,0.144523982710196
0,0,0.135435709300301,0.144521766662141
0,0,0.135433993428867,0.144519554442543
0,0,0.135432277169843,0.144517346056421
0,0,0.135430560551456,0.14451514150856
0,0,0.135428843602088,0.144512940803441
0,0,0.135427126350147,0.144510743945164
0,0,0.13542540882394,0.144508550937376
0,0,0.135423691051561,0.144506361783183
0,0,0.135421973060785,0.144504176485067
0,0,0.13542025487898,0.144501995044791
0,0,0.135418536533032,0.144499817463307
0,0,0.135416818049295,0.144497643740661
0,0,0.135415099453548,0.144495473875897
0,0,0.13541338077098,0.144493307866967
0,0,0.135411662026192,0.144491145710645
0,0,0.135409943243216,0.144488987402452
0,0,0.135408224445551,0.144486832936585
0,0,0.135406505656208,0.144484682305864
0,0,0.135404786897781,0.144482535501691
0,0,0.135403068192507,0.144480392514016
0,0,0.135401349562344,0.144478253331333
0,0,0.135399631029044,0.144476117940672
0,0,0.135397912614225,0.144473986327624
0,0,0.135396194339428,0.14447185847637
0,0,0.135394476226168,0.144469734369725
0,0,0.135392758295957,0.144467613989202
0,0,0.135391040570315,0.144465497315081
0,0,0.135389323070739,0.144463384326495
0,0,0.135387605818651,0.144461275001529
0,0,0.135385888835298,0.144459169317328
0,0,0.135384172141619,0.144457067250214
0,0,0.13538245575806,0.144454968775825
0,0,0.135380739704347,0.144452873869259
0,0,0.135379023999207,0.144450782505238
0,0,0.135377308660041,0.144448694658283
0,0,0.135375593702545,0.144446610302919
0,0,0.1353738791403,0.144444529413893
0,0,0.135372164984302,0.144442451966424
0,0,0.13537045124248,0.144440377936482
0,0,0.13536873791918,0.144438307301096
0,0,0.135367025014648,0.144436240038711
0,0,0.135365312524513,0.144434176129571
0,0,0.135363600439304,0.144432115556143
0,0,0.135361888744001,0.144430058303586
0,0,0.135360177417659,0.144428004360225
0,0,0.135358466433116,0.144425953718051
0,0,0.13535675575681,0.144423906373181
0,0,0.135355045348719,0.14442186232627
0,0,0.135353335162448,0.144419821582781
0,0,0.135351625145466,0.144417784153066
0,0,0.135349915239499,0.144415750052135
0,0,0.135348205381087,0.144413719299012
0,0,0.135346495502274,0.144411691915539
0,0,0.135344785531448,0.144409667924511
0,0,0.13534307539427,0.144407647347017
0,0,0.135341365014695,0.144405630198948
0,0,0.135339654316025,0.144403616486646
0,0,0.135337943221981,0.144401606201841
0,0,0.135336231657737,0.144399599316093
0,0,0.135334519550892,0.144397595775115
0,0,0.135332806832348,0.144395595493491
0,0,0.135331093437061,0.144393598350358
0,0,0.135329379304656,0.144391604186652
0,0,0.135327664379882,0.144389612804453
0,0,0.13532594861292,0.144387623968768
0,0,0.135324231959523,0.144385637411894
0,0,0.135322514381027,0.144383652840166
0,0,0.135320795844224,0.144381669942669
0,0,0.135319076321127,0.144379688401231
0,0,0.135317355788654,0.144377707900914
0,0,0.135315634228239,0.144375728140215
0,0,0.135313911625415,0.144373748840287
0,0,0.135312187969369,0.144371769752684
0,0,0.135310463252512,0.144369790665376
0,0,0.135308737470063,0.144367811406996
0,0,0.135307010619684,0.144365831849497
0,0,0.135305282701154,0.144363851909508
0,0,0.135303553716128,0.144361871548742
0,0,0.135301823667949,0.144359890773806
0,0,0.135300092561555,0.144357909635672
0,0,0.135298360403464,0.14435592822898
0,0,0.135296627201834,0.144353946691214
0,0,0.135294892966621,0.14435196520165
0,0,0.135293157709797,0.144349983979896
0,0,0.135291421445646,0.14434800328377
0,0,0.135289684191112,0.144346023406213
0,0,0.135287945966193,0.144344044670999
0,0,0.135286206794346,0.144342067427073
0,0,0.135284466702899,0.144340092041453
0,0,0.135282725723424,0.144338118890838
0,0,0.135280983892048,0.144336148352206
0,0,0.135279241249657,0.144334180792842
0,0,0.135277497841974,0.144332216560397
0,0,0.13527575371945,0.144330255973581
0,0,0.135274008936955,0.14432829931414
0,0,0.13527226355324,0.144326346820626
0,0,0.135270517630152,0.144324398684353
0,0,0.135268771231605,0.144322455047722
0,0,0.135267024422336,0.14432051600489
0,0,0.135265277266469,0.144318581604581
0,0,0.135263529825969,0.144316651854676
0,0,0.135261782159044,0.144314726728137
0,0,0.135260034318602,0.144312806169762
0,0,0.135258286350861,0.144310890103324
0,0,0.135256538294195,0.144308978438664
0,0,0.135254790178331,0.144307071078415
0,0,0.135253042023928,0.144305167924129
0,0,0.135251293842615,0.144303268881644
0,0,0.135249545637454,0.144301373865611
0,0,0.135247797403834,0.144299482803168
0,0,0.135246049130709,0.144297595636769
0,0,0.135244300802117,0.144295712326187
0,0,0.135242552398851,0.144293832849744
0,0,0.135240803900204,0.144291957204801
0,0,0.135239055285648,0.144290085407541
0,0,0.135237306536384,0.14428821749209
0,0,0.135235557636662,0.144286353509005
0,0,0.135233808574843,0.144284493523187
0,0,0.135232059344149,0.144282637611289
0,0,0.13523030994313,0.144280785858697
0,0,0.135228560375827,0.144278938356208
0,0,0.135226810651697,0.144277095196513
0,0,0.135225060785318,0.144275256470669
0,0,0.135223310795921,0.144273422264675
0,0,0.135221560706822,0.144271592656345
0,0,0.135219810544761,0.144269767712589
0,0,0.135218060339228,0.144267947487239
0,0,0.135216310121773,0.144266132019484
0,0,0.135214559925366,0.144264321332976
0,0,0.135212809783786,0.144262515435587
0,0,0.135211059731089,0.14426071431979
0,0,0.135209309801138,0.144258917963577
0,0,0.13520756002721,0.144257126331821
0,0,0.135205810441678,0.144255339377956
0,0,0.135204061075754,0.144253557045858
0,0,0.135202311959308,0.144251779271807
0,0,0.135200563120736,0.144250005986413
0,0,0.135198814586878,0.144248237116444
0,0,0.135197066382979,0.144246472586464
0,0,0.135195318532689,0.144244712320248
0,0,0.135193571058088,0.144242956241962
0,0,0.135191823979732,0.144241204277084
0,0,0.135190077316719,0.144239456353095
0,0,0.135188331086766,0.144237712399946
0,0,0.135186585306292,0.144235972350349
0,0,0.135184839990512,0.144234236139904
0,0,0.135183095153526,0.14423250370711
0,0,0.135181350808409,0.144230774993287
0,0,0.135179606967308,0.144229049942437
0,0,0.13517786364152,0.144227328501073
0,0,0.135176120841582,0.144225610618036
0,0,0.135174378577346,0.144223896244317
0,0,0.135172636858051,0.144222185332896
0,0,0.135170895692391,0.144220477838614
0,0,0.135169155088577,0.144218773718075
0,0,0.13516741505439,0.144217072929587
0,0,0.135165675597235,0.144215375433146
0,0,0.135163936724181,0.14421368119046
0,0,0.135162198442004,0.144211990165003
0,0,0.135160460757217,0.144210302322112
0,0,0.135158723676103,0.144208617629112
0,0,0.135156987204735,0.144206936055466
0,0,0.135155251349001,0.144205257572948
0,0,0.135153516114614,0.14420358215583
0,0,0.135151781507129,0.144201909781076
0,0,0.135150047531945,0.144200240428547
0,0,0.135148314194319,0.144198574081196
0,0,0.135146581499358,0.144196910725255
0,0,0.135144849452025,0.144195250350403
0,0,0.135143118057132,0.144193592949918
0,0,0.135141387319337,0.144191938520789
0,0,0.135139657243137,0.144190287063797
0,0,0.135137927832858,0.144188638583552
0,0,0.135136199092645,0.144186993088477
0,0,0.135134471026454,0.14418535059074
0,0,0.135132743638044,0.144183711106132
0,0,0.13513101693096,0.144182074653877
0,0,0.135129290908529,0.144180441256379
0,0,0.135127565573851,0.144178810938918
0,0,0.135125840929789,0.144177183729269
0,0,0.135124116978965,0.144175559657279
0,0,0.135122393723753,0.144173938754385
0,0,0.135120671166283,0.144172321053097
0,0,0.135118949308433,0.14417070658644
0,0,0.135117228151842,0.144169095387389
0,0,0.135115507697904,0.144167487488282
0,0,0.135113787947788,0.144165882920254
0,0,0.13511206890244,0.144164281712681
0,0,0.135110350562602,0.144162683892668
0,0,0.135108632928827,0.144161089484587
0,0,0.135106916001498,0.14415949850967
0,0,0.135105199780851,0.144157910985687
0,0,0.135103484266995,0.1441563269267
0,0,0.135101769459942,0.144154746342911
0,0,0.135100055359633,0.144153169240596
0,0,0.135098341965963,0.144151595622143
0,0,0.135096629278812,0.144150025486171
0,0,0.135094917298075,0.144148458827742
0,0,0.13509320602369,0.14414689563865
0,0,0.135091495455664,0.144145335907777
0,0,0.135089785594105,0.144143779621504
0,0,0.135088076439244,0.144142226764173
0,0,0.135086367991457,0.144140677318575
0,0,0.135084660251291,0.144139131266452
0,0,0.13508295321948,0.144137588589008
0,0,0.135081246896957,0.144136049267406
0,0,0.135079541284871,0.144134513283247
0,0,0.135077836384589,0.144132980619013
0,0,0.135076132197706,0.144131451258471
0,0,0.135074428726038,0.144129925187025
0,0,0.135072725971621,0.144128402392022
0,0,0.1350710239367,0.144126882862986
0,0,0.135069322623717,0.144125366591799
0,0,0.135067622035291,0.144123853572819
0,0,0.135065922174198,0.144122343802935
0,0,0.135064223043346,0.144120837281559
0,0,0.135062524645744,0.144119334010566
0,0,0.13506082698447,0.14411783399418
0,0,0.135059130062638,0.144116337238809
0,0,0.135057433883362,0.144114843752849
0,0,0.135055738449716,0.144113353546443
0,0,0.135054043764697,0.144111866631224
0,0,0.135052349831188,0.144110383020032
0,0,0.135050656651918,0.144108902726627
0,0,0.135048964229428,0.144107425765395
0,0,0.135047272566039,0.144105952151064
0,0,0.135045581663824,0.14410448189843
0,0,0.135043891524579,0.144103015022105
0,0,0.13504220214981,0.144101551536285
0,0,0.135040513540716,0.144100091454554
0,0,0.135038825698188,0.144098634789714
0,0,0.13503713862281,0.144097181553657
0,0,0.135035452314874,0.144095731757271
0,0,0.135033766774398,0.144094285410373
0,0,0.135032082001167,0.144092842521692
0,0,0.135030397994771,0.144091403098869
0,0,0.135028714754664,0.14408996714849
0,0,0.135027032280232,0.144088534676148
0,0,0.135025350570873,0.144087105686513
0,0,0.135023669626088,0.144085680183422
0,0,0.135021989445585,0.144084258169981
0,0,0.135020310029391,0.144082839648657
0,0,0.135018631377976,0.144081424621383
0,0,0.135016953492386,0.144080013089651
0,0,0.135015276374377,0.144078605054588
0,0,0.135013600026562,0.144077200517033
0,0,0.135011924452548,0.144075799477586
0,0,0.135010249657089,0.144074401936649
0,0,0.135008575646217,0.144073007894446
0,0,0.13500690242738,0.144071617351021
0,0,0.135005230009563,0.144070230306229
0,0,0.135003558403399,0.144068846759697
0,0,0.135001887621258,0.144067466710785
0,0,0.135000217677325,0.144066090158522
0,0,0.134998548587644,0.144064717101533
0,0,0.13499688037015,0.144063347537962
0,0,0.134995213044663,0.144061981465377
0,0,0.134993546632866,0.144060618880674
0,0,0.134991881158248,0.144059259779977
0,0,0.134990216646025,0.144057904158525
0,0,0.134988553123038,0.144056552010566
0,0,0.134986890617628,0.144055203329236
0,0,0.13498522915949,0.144053858106444
0,0,0.134983568779523,0.144052516332753
0,0,0.134981909509655,0.144051177997255
0,0,0.134980251382676,0.144049843087455
0,0,0.13497859443206,0.144048511589148
0,0,0.134976938691792,0.144047183486306
0,0,0.134975284196201,0.144045858760972
0,0,0.134973630979797,0.144044537393161
0,0,0.134971979077127,0.144043219360781
0,0,0.134970328522629,0.144041904639576
0,0,0.134968679350508,0.144040593203089
0,0,0.134967031594619,0.144039285022669
0,0,0.134965385288367,0.144037980067514
0,0,0.134963740464606,0.144036678304758
0,0,0.134962097155563,0.14403537969963
0,0,0.134960455392759,0.144034084215664
0,0,0.134958815206942,0.144032791814986
0,0,0.134957176628024,0.144031502458688
0,0,0.13495553968503,0.14403021610728
0,0,0.134953904406044,0.144028932721239
0,0,0.134952270818164,0.14402765226165
0,0,0.134950638947461,0.144026374690942
0,0,0.134949008818942,0.144025099973717
0,0,0.13494738045652,0.144023828077652
0,0,0.134945753882983,0.14402255897447
0,0,0.134944129119973,0.14402129264095
0,0,0.134942506187967,0.144020029059937
0,0,0.134940885106269,0.144018768221316
0,0,0.134939265892996,0.144017510122878
0,0,0.134937648565085,0.144016254771028
0,0,0.134936033138291,0.144015002181244
0,0,0.134934419627199,0.144013752378213
0,0,0.13493280804524,0.144012505395562
0,0,0.134931198404711,0.144011261275118
0,0,0.134929590716799,0.144010020065643
0,0,0.134927984991611,0.144008781821036
0,0,0.134926381238206,0.144007546598027
0,0,0.134924779464634,0.144006314453434
0,0,0.134923179677976,0.144005085441133
0,0,0.134921581884382,0.144003859608907
0,0,0.134919986089121,0.144002636995414
0,0,0.134918392296623,0.144001417627508
0,0,0.134916800510528,0.144000201518163
0,0,0.134915210733735,0.143998988665203
0,0,0.134913622968448,0.143997779050979
0,0,0.134912037216225,0.143996572643058
0,0,0.134910453478028,0.143995369395892
0,0,0.134908871754268,0.143994169253331
0,0,0.134907292044854,0.14399297215178
0,0,0.134905714349237,0.143991778023739
0,0,0.134904138666458,0.143990586801423
0,0,0.134902564995186,0.143989398420211
0,0,0.134900993333767,0.143988212821663
0,0,0.134899423680258,0.143987029955935
0,0,0.134897856032472,0.14398584978348
0,0,0.134896290388012,0.143984672276007
0,0,0.134894726744311,0.143983497416706
0,0,0.134893165098663,0.143982325199845
0,0,0.13489160544826,0.143981155629832
0,0,0.134890047790224,0.143979988719888
0,0,0.134888492121635,0.14397882449047
0,0,0.134886938439565,0.143977662967562
0,0,0.1348853867411,0.143976504180954
0,0,0.134883837023376,0.143975348162602
0,0,0.134882289283597,0.143974194945122
0,0,0.134880743519065,0.143973044560471
0,0,0.134879199727198,0.143971897038841
0,0,0.134877657905559,0.14397075240776
0,0,0.134876118051872,0.143969610691408
0,0,0.134874580164045,0.143968471910116
0,0,0.134873044240185,0.143967336080047
0,0,0.13487151027862,0.143966203213017
0,0,0.134869978277909,0.143965073316437
0,0,0.134868448236863,0.143963946393361
0,0,0.13486692015455,0.143962822442601
0,0,0.134865394030314,0.143961701458908
0,0,0.134863869863778,0.14396058343318
0,0,0.134862347654855,0.143959468352712
0,0,0.134860827403753,0.143958356201443
0,0,0.134859309110977,0.143957246960217
0,0,0.134857792777335,0.143956140607034
0,0,0.134856278403933,0.143955037117298
0,0,0.134854765992175,0.143953936464038
0,0,0.134853255543759,0.143952838618121
0,0,0.134851747060671,0.143951743548442
0,0,0.134850240545175,0.143950651222078
0,0,0.134848735999807,0.143949561604437
0,0,0.134847233427358,0.143948474659368
0,0,0.134845732830865,0.143947390349249
0,0,0.134844234213594,0.143946308635058
0,0,0.134842737579023,0.143945229476409
0,0,0.134841242930829,0.143944152831583
0,0,0.134839750272864,0.143943078657528
0,0,0.13483825960914,0.143942006909852
0,0,0.134836770943808,0.143940937542804
0,0,0.134835284281138,0.143939870509242
0,0,0.134833799625498,0.143938805760602
0,0,0.134832316981339,0.14393774324687
0,0,0.134830836353166,0.143936682916556
0,0,0.134829357745528,0.143935624716685
0,0,0.134827881162994,0.143934568592795
0,0,0.134826406610139,0.143933514488974
0,0,0.134824934091524,0.143932462347912
0,0,0.134823463611681,0.143931412111001
0,0,0.1348219951751,0.14393036371847
0,0,0.134820528786218,0.143929317109575
0,0,0.1348190644494,0.143928272222849
0,0,0.134817602168938,0.143927228996414
0,0,0.134816141949037,0.143926187368365
0,0,0.134814683793808,0.143925147277238
0,0,0.134813227707265,0.143924108662557
0,0,0.134811773693317,0.14392307146548
0,0,0.134810321755772,0.143922035629524
0,0,0.134808871898326,0.143921001101403
0,0,0.134807424124575,0.143919967831946
0,0,0.134805978438005,0.143918935777105
0,0,0.134804534842004,0.143917904899052
0,0,0.13480309333986,0.143916875167334
0,0,0.134801653934769,0.143915846560079
0,0,0.13480021662984,0.143914819065228
0,0,0.134798781428103,0.143913792681757
0,0,0.134797348332513,0.143912767420859
0,0,0.134795917345966,0.143911743307043
0,0,0.134794488471299,0.143910720379091
0,0,0.134793061711306,0.143909698690845
0,0,0.134791637068746,0.143908678311742
0,0,0.134790214546353,0.143907659327072
0,0,0.134788794146847,0.143906641837893
0,0,0.134787375872945,0.143905625960563
0,0,0.134785959727371,0.143904611825866
0,0,0.134784545712868,0.14390359957771
0,0,0.134783133832205,0.143902589371395
0,0,0.13478172408819,0.143901581371478
0,0,0.134780316483681,0.143900575749281
0,0,0.134778911021589,0.143899572680089
0,0,0.13477750770489,0.143898572340149
0,0,0.134776106536633,0.14389757490354
0,0,0.13477470751994,0
0,0,0.134773310658013,0
0,0,0.134771915954137,0
0,0,0.134770523411674,0
0,0,0.134769133034064,0
0,0,0.134767744824816,0
0,0,0.134766358787493,0
0,0,0.134764974925703,0
0,0,0.134763593243071,0
0,0,0.134762213743213,0
0,0,0.134760836429703,0
0,0,0.134759461306027,0
0,0,0.134758088375534,0
0,0,0.13475671764137,0
0,0,0.134755349106409,0
0,0,0.134753982773164,0
0,0,0.134752618643695,0
0,0,0.134751256719494,0
0,0,0.134749897001363,0
0,0,0.13474853948928,0
0,0,0.134747184182245,0
0,0,0.134745831078126,0
0,0,0.134744480173484,0
0,0,0.134743131463404,0
0,0,0.134741784941312,0
0,0,0.134740440598804,0
0,0,0.134739098425476,0
0,0,0.134737758408772,0
0,0,0.134736420533854,0
0,0,0.134735084783504,0
0,0,0.134733751138057,0
0,0,0.134732419575394,0
0,0,0.134731090070979,0
0,0,0.134729762597964,0
0,0,0.134728437127359,0
0,0,0.13472711362828,0
0,0,0.134725792068261,0
0,0,0.134724472413645,0
0,0,0.134723154630042,0
0,0,0.134721838682838,0
0,0,0.134720524537768,0
0,0,0.134719212161514,0
0,0,0.134717901522328,0
0,0,0.134716592590662,0
0,0,0.134715285339783,0
0,0,0.134713979746359,0
0,0,0.134712675790992,0
0,0,0.134711373458696,0
0,0,0.134710072739284,0
0,0,0.134708773627672,0
0,0,0.134707476124068,0
0,0,0.134706180234055,0
0,0,0.134704885968547,0
0,0,0.134703593343621,0
0,0,0.134702302380219,0
0,0,0.134701013103725,0
0,0,0.134699725543409,0
0,0,0.134698439731771,0
0,0,0.134697155703761,0
0,0,0.13469587349593,0
0,0,0.1346945931455,0
0,0,0.134693314689404,0
0,0,0.134692038163307,0
0,0,0.134690763600656,0
0,0,0.134689491031775,0
0,0,0.134688220483066,0
0,0,0.134686951976319,0
0,0,0.134685685528178,0
0,0,0.134684421149782,0
0,0,0.134683158846588,0
0,0,0.134681898618388,0
0,0,0.134680640459513,0
0,0,0.134679384359207,0
0,0,0.134678130302156,0
0,0,0.134676878269134,0
0,0,0.13467562823774,0
0,0,0.134674380183186,0
0,0,0.134673134079105,0
0,0,0.134671889898334,0
0,0,0.134670647613659,0
0,0,0.134669407198486,0
0,0,0.134668168627427,0
0,0,0.134666931876784,0
0,0,0.134665696924932,0
0,0,0.134664463752593,0
0,0,0.134663232343017,0
0,0,0.134662002682066,0
0,0,0.134660774758224,0
0,0,0.134659548562534,0
0,0,0.134658324088478,0
0,0,0.134657101331823,0
0,0,0.134655880290426,0
0,0,0.134654660964025,0
0,0,0.134653443354013,0
0,0,0.134652227463218,0
0,0,0.134651013295678,0
0,0,0.134649800856425,0
0,0,0.134648590151287,0
0,0,0.1346473811867,0
0,0,0.134646173969532,0
0,0,0.134644968506938,0
0,0,0.134643764806216,0
0,0,0.134642562874694,0
0,0,0.134641362719626,0
0,0,0.134640164348109,0
0,0,0.134638967767007,0
0,0,0.134637772982904,0
0,0,0.134636580002051,0
0,0,0.134635388830343,0
0,0,0.134634199473293,0
0,0,0.134633011936022,0
0,0,0.134631826223258,0
0,0,0.134630642339338,0
0,0,0.134629460288222,0
0,0,0.134628280073509,0
0,0,0.134627101698455,0
0,0,0.134625925166006,0
0,0,0.134624750478819,0
0,0,0.134623577639299,0
0,0,0.134622406649629,0
0,0,0.134621237511806,0
0,0,0.134620070227678,0
0,0,0.134618904798975,0
0,0,0.13461774122735,0
0,0,0.134616579514409,0
0,0,0.134615419661748,0
0,0,0.134614261670981,0
0,0,0.134613105543775,0
0,0,0.134611951281873,0
0,0,0.134610798887122,0
0,0,0.134609648361494,0
0,0,0.134608499707106,0
0,0,0.134607352926233,0
0,0,0.134606208021327,0
0,0,0.134605064995017,0
0,0,0.134603923850123,0
0,0,0.134602784589649,0
0,0,0.134601647216789,0
0,0,0.134600511734914,0
0,0,0.134599378147568,0
0,0,0.134598246458452,0
0,0,0.134597116671413,0
0,0,0.134595988790418,0
0,0,0.13459486281954,0
0,0,0.134593738762931,0
0,0,0.134592616624796,0
0,0,0.134591496409368,0
0,0,0.134590378120879,0
0,0,0.134589261763529,0
0,0,0.13458814734146,0
0,0,0.13458703485872,0
0,0,0.134585924319241,0
0,0,0.134584815726804,0
0,0,0.134583709085013,0
0,0,0.13458260439727,0
0,0,0.134581501666744,0
0,0,0.134580400896355,0
0,0,0.134579302088746,0
0,0,0.134578205246268,0
0,0,0.134577110370959,0
0,0,0.134576017464532,0
0,0,0.134574926528361,0
0,0,0.134573837563472,0
0,0,0.134572750570536,0
0,0,0.134571665549863,0
0,0,0.1345705825014,0
0,0,0.134569501424729,0
0,0,0.134568422319073,0
0,0,0.134567345183295,0
0,0,0.134566270015909,0
0,0,0.134565196815081,0
0,0,0.134564125578647,0
0,0,0.134563056304114,0
0,0,0.134561988988679,0
0,0,0.134560923629239,0
0,0,0.134559860222404,0
0,0,0.134558798764514,0
0,0,0.13455773925165,0
0,0,0.134556681679654,0
0,0,0.134555626044142,0
0,0,0.134554572340519,0
0,0,0.134553520563995,0
0,0,0.134552470709602,0
0,0,0.134551422772208,0
0,0,0.134550376746531,0
0,0,0.134549332627154,0
0,0,0.13454829040854,0
0,0,0.134547250085043,0
0,0,0.134546211650921,0
0,0,0.134545175100351,0
0,0,0.134544140427434,0
0,0,0.134543107626211,0
0,0,0.134542076690671,0
0,0,0.134541047614759,0
0,0,0.134540020392385,0
0,0,0.134538995017431,0
0,0,0.134537971483759,0
0,0,0.134536949785215,0
0,0,0.134535929915635,0
0,0,0.134534911868854,0
0,0,0.134533895638701,0
0,0,0.134532881219012,0
0,0,0.134531868603628,0
0,0,0.134530857786397,0
0,0,0.134529848761179,0
0,0,0.134528841521847,0
0,0,0.134527836062287,0
0,0,0.134526832376397,0
0,0,0.134525830458094,0
0,0,0.134524830301307,0
0,0,0.134523831899983,0
