"rep","method","F score (V1)","F score (V2)","F score (V3)","F score","Relevance (V1)","Relevance (V2)","Relevance (V3)","Relevance","Recovery (V1)","Recovery (V2)","Recovery (V3)","Recovery","BiS-E (V1)","BiS-E (V2)","BiS-E (V3)","BiS-E","BiS-C (V1)","BiS-C (V2)","BiS-C (V3)","BiS-C","BiS-M (V1)","BiS-M (V2)","BiS-M (V3)","BiS-M"
"4","gfa","0.4373374","0.4373374","0.4373374","0.4373374","0.4536366","0.4536366","0.4536366","0.4536366","0.4221688","0.4221688","0.4221688","0.4221688","-0.1759359","-0.1735779","-0.1756857","-0.1750665","0.05769855","0.04752125","0.05539149","0.0535371","-0.2323521","-0.2150491","-0.2282086","-0.2252033"
"4","issvd","0.2772965","0.2772965","0.2772965","0.2772965","0.280276","0.280276","0.280276","0.280276","0.2743797","0.2743797","0.2743797","0.2743797","-0.2254034","-0.2314818","-0.2467909","-0.2345587","-0.003365964","-0.03174586","-0.05837922","-0.03116368","-0.2978717","-0.3001863","-0.3209414","-0.3063331"
"1","mvc","0.250728","0.2506778","0.2507413","0.2507157","0.3787209","0.3786002","0.3787525","0.3786912","0.1873956","0.187369","0.1874027","0.1873891","0","0","0","0","0","0","0","0","0","0","0","0"
"2","mvc","0.250728","0.2506778","0.2507413","0.2507157","0.3787209","0.3786002","0.3787525","0.3786912","0.1873956","0.187369","0.1874027","0.1873891","0","0","0","0","0","0","0","0","0","0","0","0"
"3","mvc","0.250728","0.2506778","0.2507413","0.2507157","0.3787209","0.3786002","0.3787525","0.3786912","0.1873956","0.187369","0.1874027","0.1873891","0","0","0","0","0","0","0","0","0","0","0","0"
"4","mvc","0.250728","0.2506778","0.2507413","0.2507157","0.3787209","0.3786002","0.3787525","0.3786912","0.1873956","0.187369","0.1874027","0.1873891","0","0","0","0","0","0","0","0","0","0","0","0"
"5","mvc","0.250728","0.2506778","0.2507413","0.2507157","0.3787209","0.3786002","0.3787525","0.3786912","0.1873956","0.187369","0.1874027","0.1873891","0","0","0","0","0","0","0","0","0","0","0","0"
"5","Plaid","0.4178938","0","0","0.1392979","0.6401247","0","0","0.2133749","0.3102017","0","0","0.1034006","0.9602691","0","0","0.9602691","0.9638302","0","0","0.9638302","0.9835676","0","0","0.9835676"
"2","spectral","0.2006041","0.1208791","0.342438","0.2213071","0.2445055","0.4230769","0.5423077","0.4032967","0.170068","0.07051282","0.2502189","0.1635999","0.02496807","-0.03648377","0.07721187","0.02189872","0.07205076","0.0001685287","0.04949858","0.04057262","0.01927914","-0.07153107","0.1108646","0.01953757"
