month,tmax,tmin,af,rain,sun,season
1,8.7,2.7,5,39.5,53.0,0
2,9.0,2.9,5,69.8,64.9,0
3,13.9,5.7,2,25.4,96.7,1
4,14.2,5.2,1,5.7,169.6,1
5,16.2,6.5,0,21.3,195.0,1
6,23.6,10.7,0,22.4,284.5,2
7,22.5,13.8,0,87.0,152.3,2
8,21.1,12.5,0,86.2,154.4,2
9,17.6,10.1,0,51.7,88.5,3
10,15.5,7.7,0,47.0,85.9,3
11,9.4,4.3,2,59.5,67.5,3
12,7.6,1.0,11,42.1,40.8,0
1,6.8,0.9,10,64.3,40.1,0
2,8.9,1.9,10,58.7,45.7,0
3,8.1,1.1,10,26.0,105.2,1
4,12.3,3.8,3,29.5,153.2,1
5,17.3,7.8,0,59.5,189.2,1
6,19.4,10.7,0,104.3,152.2,2
7,21.7,12.9,0,51.9,190.5,2
8,20.8,13.1,0,75.2,103.1,2
9,20.0,12.1,0,83.8,134.8,3
10,14.9,8.3,0,50.7,94.2,3
11,9.7,4.4,1,50.7,40.8,3
12,8.0,2.7,2,85.1,29.6,0
1,5.7,-1.1,23,54.8,76.2,0
2,7.4,1.2,7,2.4,54.8,0
3,11.9,4.4,0,43.8,103.9,1
4,14.2,6.3,0,52.9,139.1,1
5,18.7,8.0,0,21.9,221.4,1
6,22.1,11.1,0,16.2,231.6,2
7,24.7,13.3,0,86.5,276.9,2
8,24.2,13.7,0,27.6,240.0,2
9,22.7,10.6,0,5.1,209.2,3
10,17.8,8.5,0,46.9,150.1,3
11,10.8,3.5,6,53.5,53.0,3
12,9.3,3.0,1,75.7,30.2,0
1,6.9,1.8,12,47.9,34.4,0
2,7.9,1.6,7,48.0,80.1,0
3,10.2,4.5,0,33.9,65.0,1
4,14.3,4.6,1,12.4,156.1,1
5,18.4,9.3,0,45.6,181.7,1
6,22.1,12.1,0,42.8,248.6,2
7,20.1,12.4,0,67.2,139.7,2
8,20.3,11.8,0,60.8,150.9,2
9,18.5,10.5,0,75.3,128.4,3
10,14.2,8.2,0,155.5,75.2,3
11,11.2,4.5,4,89.5,69.4,3
12,6.9,2.1,5,56.5,44.5,0
1,6.9,1.2,11,64.4,45.8,0
2,10.3,4.9,0,55.1,56.0,0
3,13.9,2.9,4,5.7,166.7,1
4,15.0,7.1,0,50.8,73.5,1
5,16.8,7.4,0,17.2,217.2,1
6,21.7,10.5,0,29.2,229.3,2
7,22.1,12.1,0,26.2,180.0,2
8,21.7,12.6,0,47.6,158.8,2
9,20.9,12.0,0,64.7,125.4,3
10,15.6,7.6,1,56.8,117.2,3
11,9.9,3.5,7,52.5,55.6,3
12,6.8,0.2,17,88.6,46.2,0
1,7.9,1.2,7,76.1,67.1,0
2,7.6,1.4,7,12.6,67.1,0
3,7.4,-0.6,16,35.8,111.4,1
4,12.7,4.7,0,41.8,142.7,1
5,15.0,7.1,0,29.6,157.9,1
6,20.4,9.4,0,6.1,260.5,2
7,20.6,12.1,0,82.8,135.0,2
8,20.0,11.6,0,52.9,173.6,2
9,17.8,9.6,0,88.4,152.0,3
10,15.7,7.1,1,37.6,114.4,3
11,9.1,3.2,8,41.7,33.6,3
12,5.0,-1.1,22,52.8,64.1,0
1,0.8,-4.6,28,12.9,38.4,0
2,2.8,-2.2,24,6.6,72.2,0
3,10.7,3.0,7,68.2,95.9,1
4,13.6,5.7,1,52.1,123.2,1
5,16.0,6.9,0,33.7,195.6,1
6,20.8,11.3,0,48.3,193.4,2
7,21.1,11.9,0,28.1,196.2,2
8,19.8,11.7,0,53.4,138.6,2
9,18.0,10.1,0,49.0,120.9,3
10,14.8,8.2,0,34.7,85.4,3
11,11.8,6.0,1,118.8,59.3,3
12,5.4,0.0,16,16.1,44.1,0
1,5.8,0.4,9,17.8,37.4,0
2,7.6,2.0,7,16.8,59.2,0
3,7.6,2.6,5,95.1,66.8,1
4,12.8,5.4,2,73.5,126.1,1
5,19.6,9.8,0,46.1,197.8,1
6,19.3,11.2,0,110.1,164.1,2
7,22.8,13.5,0,20.2,219.7,2
8,22.3,12.7,0,21.2,215.7,2
9,21.1,10.6,0,11.1,213.7,3
10,13.7,5.3,1,29.2,126.2,3
11,11.2,5.3,2,29.6,55.0,3
12,7.1,0.9,12,29.9,48.6,0
1,6.6,1.0,14,43.0,72.8,0
2,5.9,0.9,11,8.3,32.5,0
3,10.5,2.2,9,58.0,129.7,1
4,13.4,4.8,0,44.8,138.6,1
5,16.8,8.6,0,39.5,194.6,1
6,19.7,11.0,0,54.6,184.7,2
7,19.3,11.7,0,85.9,129.9,2
8,20.8,11.9,0,55.9,184.7,2
9,17.4,9.2,0,109.4,130.0,3
10,16.2,7.5,1,18.8,129.1,3
11,8.4,2.2,9,65.4,96.5,3
12,8.4,1.7,9,87.3,54.0,0
1,5.3,1.0,13,32.6,40.8,0
2,9.3,4.4,1,73.4,27.0,0
3,10.9,2.6,4,12.2,122.6,1
4,12.2,5.4,0,98.6,88.7,1
5,17.0,7.5,0,50.5,222.9,1
6,21.8,12.2,0,66.7,205.4,2
7,20.1,12.2,0,78.0,161.6,2
8,20.6,11.6,0,86.2,199.7,2
9,19.6,10.8,0,36.7,161.4,3
10,14.7,8.6,0,122.1,81.3,3
11,8.8,2.9,4,41.7,59.3,3
12,9.3,2.2,6,62.5,36.3,0
1,7.3,2.1,12,36.4,66.1,0
2,9.3,2.6,7,48.6,89.5,0
3,11.6,3.7,1,35.7,172.9,1
4,12.5,4.4,1,44.1,138.2,1
5,15.6,7.8,1,102.1,183.6,1
6,20.1,10.3,0,51.0,210.0,2
7,23.5,13.8,0,73.5,239.5,2
8,21.5,12.7,0,47.4,182.9,2
9,18.5,11.1,0,59.5,118.6,3
10,15.0,8.8,0,103.8,99.1,3
11,9.7,2.6,5,42.3,78.7,3
12,7.2,1.3,11,54.0,61.3,0
1,7.2,1.3,13,65.1,43.0,0
2,5.7,0.2,13,25.3,67.2,0
3,11.1,3.5,3,22.6,142.3,1
4,13.7,4.4,4,44.2,188.4,1
5,15.4,7.0,0,80.8,170.8,1
6,20.6,11.5,0,54.9,172.5,2
7,20.7,12.6,0,79.4,146.7,2
8,20.2,12.6,0,68.2,121.1,2
9,18.8,11.6,0,131.4,125.6,3
10,16.5,10.7,0,64.2,78.5,3
11,9.5,4.8,3,44.3,40.7,3
12,5.4,1.0,12,74.9,30.7,0
1,8.9,3.4,5,71.7,32.4,0
2,4.9,-0.9,15,45.0,70.5,0
3,8.0,1.3,7,56.0,66.8,1
4,13.6,3.9,4,20.3,207.6,1
5,17.1,8.6,0,59.5,149.1,1
6,20.6,10.2,0,26.6,262.8,2
7,23.9,13.9,0,68.7,229.2,2
8,21.8,13.6,0,93.0,141.3,2
9,19.6,11.7,0,3.1,118.5,3
10,18.2,9.9,0,5.1,117.3,3
11,9.6,3.3,7,68.7,71.1,3
12,6.1,1.4,9,46.1,18.5,0
1,7.1,2.1,9,67.7,31.9,0
2,7.2,0.8,12,39.9,105.5,0
3,8.1,0.7,13,37.6,99.7,1
4,11.4,3.7,3,59.5,122.7,1
5,19.2,9.2,0,25.1,219.2,1
6,23.6,12.7,0,70.1,273.3,2
7,21.3,12.3,0,53.0,181.3,2
8,22.3,13.0,0,53.6,184.3,2
9,20.3,11.4,0,49.8,157.0,3
10,15.7,8.1,0,10.4,100.9,3
11,11.9,5.5,1,151.2,59.8,3
12,7.0,1.7,10,38.5,45.3,0
1,7.8,2.8,6,70.5,42.5,0
2,8.6,1.9,5,16.6,72.6,0
3,9.1,2.3,7,42.4,104.7,1
4,12.2,4.8,1,47.3,121.5,1
5,18.1,8.2,0,76.7,232.9,1
6,17.8,10.1,0,127.7,145.4,2
7,24.1,13.8,0,19.3,224.1,2
8,21.3,13.5,0,64.4,147.5,2
9,20.7,10.2,0,11.1,173.9,3
10,17.2,8.1,0,57.6,147.0,3
11,10.4,3.0,7,63.9,96.3,3
12,9.3,4.5,1,21.0,31.4,0
1,6.9,2.1,6,55.3,40.9,0
2,7.9,2.6,2,43.4,35.0,0
3,12.4,3.3,2,54.0,144.5,1
4,12.9,5.7,0,38.3,120.8,1
5,16.0,7.6,0,25.9,171.7,1
6,17.5,9.0,0,15.4,166.3,2
7,22.3,12.7,0,27.2,151.4,2
8,21.8,12.1,0,15.4,190.0,2
9,17.3,9.0,0,27.6,117.5,3
10,15.6,8.5,0,17.3,112.7,3
11,9.9,3.2,9,57.7,78.0,3
12,9.4,3.5,2,66.7,56.5,0
1,7.3,2.0,10,13.1,28.0,0
2,8.1,0.7,15,12.5,66.0,0
3,11.5,2.2,6,10.4,138.1,1
4,12.5,3.9,2,58.1,140.5,1
5,16.9,8.6,0,54.2,167.2,1
6,21.9,11.6,0,68.8,254.5,2
7,21.4,12.7,0,49.1,173.7,2
8,23.7,13.8,0,40.9,189.1,2
9,20.7,11.6,0,60.7,180.4,3
10,13.9,6.1,0,38.6,98.9,3
11,10.3,2.5,11,26.6,87.0,3
12,8.6,2.1,9,52.3,59.6,0
1,9.6,3.6,2,53.0,46.0,0
2,9.2,3.0,2,57.8,67.2,0
3,10.3,2.8,4,27.2,101.3,1
4,14.0,4.7,0,15.2,159.3,1
5,17.0,7.5,0,22.4,196.4,1
6,20.1,10.6,0,67.2,201.7,2
7,20.9,12.5,0,29.8,187.7,2
8,21.5,12.1,0,67.8,190.3,2
9,17.5,9.5,0,140.0,156.0,3
10,11.0,5.0,1,71.9,89.1,3
11,10.6,5.0,0,142.8,42.7,3
12,11.0,5.6,0,34.4,52.6,0
1,10.3,4.5,2,92.3,38.0,0
2,9.3,1.9,5,23.0,79.1,0
3,8.4,2.8,7,69.7,66.9,1
4,13.3,5.0,5,43.6,133.4,1
5,15.1,6.9,0,62.9,149.8,1
6,21.8,10.4,0,23.2,293.7,2
7,24.1,14.1,0,36.3,217.3,2
8,25.9,15.0,0,13.3,226.0,2
9,19.5,10.6,0,111.2,144.1,3
10,14.4,7.0,0,23.2,111.6,3
11,10.1,3.2,6,58.0,78.8,3
12,7.6,1.5,11,29.1,40.3,0
1,8.8,3.0,8,13.9,68.3,0
2,7.8,2.3,7,21.1,39.7,0
3,9.5,2.0,8,11.3,127.1,1
4,13.7,4.3,1,9.9,182.3,1
5,19.3,8.9,0,19.3,209.2,1
6,25.5,13.7,0,6.3,261.2,2
7,26.6,14.9,0,15.4,263.5,2
8,25.1,13.2,0,16.4,263.7,2
9,19.0,11.2,0,96.6,118.9,3
10,14.9,8.8,0,93.0,61.4,3
11,9.9,3.5,5,81.7,60.1,3
12,5.6,-0.2,11,72.3,57.4,0
1,6.1,0.8,15,63.5,38.2,0
2,9.6,3.4,3,65.3,83.3,0
3,11.2,4.5,4,56.8,105.1,1
4,12.2,4.1,4,32.7,151.1,1
5,16.4,7.2,0,37.3,210.5,1
6,17.4,9.6,0,52.4,134.8,2
7,22.4,12.7,0,10.4,210.4,2
8,20.3,13.0,0,150.3,135.8,2
9,18.0,10.7,0,15.3,117.5,3
10,16.3,9.0,0,48.1,113.8,3
11,10.4,4.6,2,51.3,88.4,3
12,9.2,4.1,2,55.5,37.1,0
1,6.7,0.7,11,68.8,47.4,0
2,6.2,0.7,13,40.9,41.3,0
3,11.3,3.5,4,58.9,108.5,1
4,10.7,3.9,4,45.4,113.8,1
5,17.2,7.9,0,78.5,210.6,1
6,19.7,10.7,0,38.1,175.9,2
7,20.5,12.7,0,65.5,142.0,2
8,20.7,12.1,0,53.6,177.6,2
9,20.1,10.8,0,17.1,166.7,3
10,17.1,8.4,0,1.6,98.4,3
11,12.6,6.2,4,8.2,81.7,3
12,7.8,2.6,11,108.6,35.4,0
1,3.8,-2.6,24,59.9,58.5,0
2,4.5,-0.4,13,44.0,52.9,0
3,9.2,2.0,4,94.9,99.6,1
4,12.7,4.8,2,77.6,106.3,1
5,15.9,7.2,2,87.0,200.6,1
6,19.0,11.1,0,37.6,140.3,2
7,22.5,13.4,0,21.7,182.5,2
8,21.0,12.2,0,33.4,171.3,2
9,19.6,10.3,0,20.8,177.6,3
10,16.4,8.8,0,68.7,124.9,3
11,10.8,3.5,5,48.2,58.1,3
12,9.2,3.9,5,90.7,49.6,0
1,6.0,-0.1,14,29.7,72.4,0
2,9.9,2.9,4,36.8,52.2,0
3,9.0,2.4,4,72.1,83.2,1
4,14.0,5.4,0,21.6,161.2,1
5,17.3,7.4,0,26.1,221.1,1
6,19.8,10.9,0,106.2,188.8,2
7,19.7,11.9,0,59.3,163.7,2
8,21.9,13.3,0,52.3,173.4,2
9,20.1,12.0,0,27.7,146.6,3
10,14.0,5.8,0,96.5,123.3,3
11,9.3,4.5,4,26.4,66.4,3
12,8.9,2.7,8,33.4,63.7,0
1,8.1,2.0,9,32.7,62.0,0
2,7.1,-0.1,16,11.9,71.6,0
3,11.8,6.5,1,90.8,56.8,1
4,12.9,4.9,1,32.4,129.9,1
5,16.1,8.4,0,79.8,112.0,1
6,18.5,10.4,0,39.5,152.1,2
7,22.0,12.8,0,56.7,148.9,2
8,22.8,13.0,0,45.3,217.9,2
9,20.3,11.3,0,94.6,151.1,3
10,12.9,5.8,0,76.5,110.3,3
11,11.5,5.1,1,34.1,54.9,3
12,4.4,-1.5,17,85.3,47.0,0
1,6.9,0.4,14,38.0,57.7,0
2,8.4,2.4,4,31.6,51.3,0
3,11.1,2.5,3,51.5,171.3,1
4,14.3,5.0,2,22.8,180.9,1
5,18.0,7.6,0,71.9,204.8,1
6,21.5,12.8,0,84.6,182.1,2
7,22.7,13.4,0,24.5,164.0,2
8,22.2,12.9,0,39.7,168.9,2
9,20.8,11.1,0,39.6,156.0,3
10,14.1,7.8,0,109.1,69.6,3
11,11.4,6.2,3,72.9,55.5,3
12,8.2,1.9,8,63.6,50.0,0
1,10.0,4.3,3,47.2,51.4,0
2,5.5,-0.5,19,31.0,85.3,0
3,10.8,3.0,5,33.7,93.4,1
4,12.4,3.6,3,101.5,145.4,1
5,15.6,7.5,0,72.9,136.8,1
6,20.8,11.4,0,12.0,188.8,2
7,27.6,16.0,0,50.3,247.8,2
8,24.5,13.8,0,11.4,219.1,2
9,19.3,11.3,0,42.9,113.7,3
10,15.1,7.6,2,41.7,114.0,3
11,11.3,5.5,4,39.5,42.9,3
12,9.2,2.7,10,50.9,58.5,0
1,8.0,1.4,9,73.3,88.1,0
2,7.4,1.3,10,32.9,71.6,0
3,8.9,2.5,2,73.4,51.4,1
4,14.6,3.9,5,5.4,230.5,1
5,14.9,6.8,0,90.9,144.7,1
6,21.3,11.3,0,36.1,237.0,2
7,24.2,12.9,0,19.2,232.5,2
8,24.4,14.2,0,27.8,201.1,2
9,18.6,11.0,0,73.4,98.1,3
10,15.8,8.5,0,82.8,91.2,3
11,12.2,6.4,0,69.8,75.4,3
12,8.7,2.8,8,56.7,49.3,0
1,4.1,-1.8,20,41.3,46.9,0
2,6.3,0.1,13,29.8,78.3,0
3,9.4,1.3,12,34.1,105.2,1
4,14.0,5.3,3,33.3,157.5,1
5,16.4,8.2,0,64.7,163.7,1
6,18.5,9.9,0,88.9,167.2,2
7,22.9,13.2,0,35.2,241.4,2
8,20.3,11.9,0,58.9,187.3,2
9,20.6,11.4,0,11.2,143.4,3
10,16.1,8.8,0,18.4,118.8,3
11,8.1,1.2,11,30.0,88.6,3
12,10.0,5.2,4,80.5,39.0,0
1,7.2,1.0,11,105.6,62.8,0
2,1.7,-2.7,24,14.5,61.9,0
3,10.1,1.8,8,43.5,124.4,1
4,10.9,3.2,3,60.7,135.2,1
5,16.3,7.9,0,52.3,172.3,1
6,21.8,11.4,0,17.2,225.8,2
7,22.6,13.3,0,54.6,180.5,2
8,20.0,11.5,0,66.7,158.3,2
9,17.4,8.1,0,22.8,157.5,3
10,16.4,8.5,0,72.4,116.3,3
11,12.1,5.2,0,66.1,73.1,3
12,9.7,3.2,4,60.6,55.1,0
1,3.6,-1.0,18,11.1,54.4,0
2,7.7,1.4,12,32.4,58.0,0
3,8.5,1.4,14,42.7,105.2,1
4,15.8,6.7,0,39.9,153.0,1
5,16.3,7.0,0,54.1,198.2,1
6,18.6,10.6,0,69.9,132.9,2
7,21.8,13.2,0,77.3,176.1,2
8,21.8,12.5,0,57.2,172.3,2
9,19.3,11.4,0,36.9,147.2,3
10,15.0,7.7,0,174.8,120.6,3
11,9.8,4.2,3,43.3,39.8,3
12,8.9,4.1,5,14.4,34.4,0
1,8.8,3.1,5,106.9,54.7,0
2,8.7,1.8,6,26.0,115.9,0
3,10.7,3.7,4,59.5,88.1,1
4,13.5,5.1,1,27.7,145.8,1
5,18.0,9.1,0,41.6,202.0,1
6,19.7,11.3,0,44.3,159.9,2
7,20.0,12.2,0,76.2,161.7,2
8,21.8,12.4,0,60.9,195.0,2
9,18.8,10.8,0,27.8,147.8,3
10,15.5,8.5,0,56.3,110.0,3
11,9.9,1.8,12,16.0,89.2,3
12,10.4,4.8,1,8.9,37.5,0
1,9.5,3.1,6,26.0,59.2,0
2,10.2,2.6,4,40.2,94.2,0
3,12.9,4.5,2,56.6,100.0,1
4,11.5,4.3,1,64.2,144.5,1
5,21.0,10.0,0,12.1,310.1,1
6,22.1,11.4,0,35.5,258.5,2
7,25.8,14.8,0,36.7,274.8,2
8,24.2,13.1,0,55.7,267.1,2
9,20.7,12.6,0,10.8,131.2,3
10,17.1,9.7,0,52.8,113.4,3
11,10.9,3.7,6,23.8,107.0,3
12,9.4,4.2,2,119.3,33.6,0
1,10.2,4.4,0,71.1,57.6,0
2,11.7,5.3,1,92.3,94.3,0
3,13.6,4.8,1,6.9,154.6,1
4,14.6,4.2,3,29.7,245.0,1
5,20.5,9.0,0,4.1,287.0,1
6,19.5,10.8,0,39.5,132.5,2
7,24.7,13.2,0,6.9,273.2,2
8,26.0,14.7,0,26.8,249.3,2
9,19.7,10.0,0,24.9,173.4,3
10,16.9,9.6,0,49.7,122.5,3
11,10.7,5.1,0,22.1,70.0,3
12,7.6,2.5,7,51.4,47.8,0
1,7.3,1.8,3,69.7,68.4,0
2,5.4,-1.3,16,34.7,48.5,0
3,12.5,5.3,2,25.9,102.7,1
4,13.1,4.8,2,52.8,158.5,1
5,15.7,7.7,0,9.1,138.7,1
6,17.8,9.7,0,88.6,135.0,2
7,23.2,14.4,0,92.9,218.6,2
8,24.1,14.4,0,26.0,241.7,2
9,21.4,11.5,0,43.7,183.0,3
10,14.6,7.6,0,18.5,87.1,3
11,10.6,4.2,5,59.3,59.2,3
12,8.3,1.7,12,12.0,60.7,0
1,7.5,2.0,11,12.6,56.0,0
2,9.5,2.3,8,17.7,50.3,0
3,11.8,4.9,0,38.5,61.8,1
4,14.0,5.6,1,57.1,129.7,1
5,21.0,10.2,0,94.5,271.9,1
6,22.5,12.3,0,22.5,213.7,2
7,22.5,14.2,0,62.3,158.6,2
8,21.7,13.6,0,84.7,149.2,2
9,18.9,11.0,0,77.3,127.5,3
10,12.5,5.3,3,59.4,112.6,3
11,12.0,4.8,2,86.9,61.6,3
12,7.8,1.6,12,35.9,49.1,0
1,10.3,3.5,4,63.1,37.8,0
2,7.2,2.5,2,2.4,51.0,0
3,11.8,3.3,4,16.0,128.4,1
4,14.6,6.8,0,75.3,126.9,1
5,18.0,8.8,0,31.8,176.6,1
6,21.8,12.2,0,43.9,224.2,2
7,21.6,12.6,0,35.0,174.6,2
8,21.6,11.7,0,23.8,219.4,2
9,17.5,9.8,0,96.3,104.5,3
10,13.0,7.0,1,123.0,117.0,3
11,8.8,2.4,11,29.5,71.3,3
12,9.2,3.6,3,73.8,52.4,0
1,9.3,2.8,6,80.0,73.4,0
2,7.7,1.2,8,42.6,72.0,0
3,12.3,5.1,1,40.0,126.4,1
4,13.3,5.1,1,52.8,175.0,1
5,16.0,8.2,0,80.6,158.3,1
6,21.5,11.2,0,17.0,265.0,2
7,26.2,15.2,0,16.9,267.1,2
8,23.0,13.8,0,32.2,180.9,2
9,17.8,10.8,0,86.3,109.7,3
10,15.4,7.7,0,76.0,141.0,3
11,13.6,8.4,0,43.1,42.7,3
12,10.7,4.0,6,63.3,60.8,0
1,8.9,2.2,6,113.7,59.6,0
2,10.7,4.4,1,71.9,70.9,0
3,11.2,2.0,7,49.5,194.5,1
4,15.0,6.1,3,16.9,199.5,1
5,19.0,8.2,0,30.0,234.4,1
6,20.7,10.8,0,11.1,187.7,2
7,26.3,15.2,0,20.3,247.1,2
8,27.0,15.6,0,0.3,295.3,2
9,19.2,10.7,0,95.0,142.4,3
10,18.3,10.2,0,19.2,129.9,3
11,12.0,5.1,4,28.5,76.2,3
12,5.8,1.0,13,82.8,44.7,0
1,7.2,3.1,5,41.5,25.3,0
2,6.8,0.1,17,49.0,100.3,0
3,8.6,2.1,9,31.4,75.9,1
4,14.3,5.5,3,25.0,147.5,1
5,15.1,5.9,0,25.8,182.6,1
6,22.8,11.3,0,12.0,282.7,2
7,24.2,13.2,0,28.8,233.7,2
8,23.1,13.4,0,45.8,217.6,2
9,19.2,10.7,0,22.0,142.0,3
10,16.6,8.9,0,35.4,142.3,3
11,10.5,2.7,9,91.0,107.5,3
12,6.2,1.4,11,13.0,57.6,0
1,5.5,0.2,13,10.3,59.3,0
2,10.8,4.0,4,55.1,58.1,0
3,13.8,5.3,0,11.4,151.0,1
4,15.6,5.4,1,9.8,218.5,1
5,18.7,8.5,1,28.2,259.2,1
6,20.2,12.2,0,78.6,151.6,2
7,23.5,13.9,0,34.6,241.1,2
8,25.8,16.6,0,70.5,194.2,2
9,20.9,11.8,0,6.8,190.3,3
10,15.9,7.5,3,44.9,166.0,3
11,12.5,6.2,2,47.1,67.3,3
12,9.5,4.2,4,47.4,48.0,0
1,9.2,3.5,3,68.6,65.2,0
2,11.6,3.5,5,6.6,113.1,0
3,12.1,5.7,1,51.1,84.9,1
4,12.7,5.7,0,82.6,115.4,1
5,19.6,10.2,0,31.9,228.2,1
6,19.9,12.0,0,89.6,158.4,2
7,21.4,13.0,0,26.9,184.3,2
8,23.5,12.7,0,16.6,262.6,2
9,20.4,12.7,0,101.2,149.1,3
10,14.7,8.6,0,103.8,96.7,3
11,9.6,3.4,4,57.0,78.5,3
12,9.7,3.8,7,49.2,42.4,0
1,9.4,3.8,3,68.7,53.7,0
2,8.8,2.8,7,21.1,90.1,0
3,12.2,5.0,2,25.6,122.5,1
4,14.9,6.3,1,35.0,167.8,1
5,19.1,10.2,0,35.8,184.9,1
6,20.3,11.0,0,98.2,239.1,2
7,24.9,14.3,0,8.6,275.9,2
8,22.8,14.0,0,124.8,199.8,2
9,21.3,13.2,0,86.7,165.0,3
10,15.6,7.9,0,49.2,160.5,3
11,11.3,5.9,0,31.2,79.0,3
12,8.7,2.4,7,77.2,75.3,0
1,8.6,2.4,7,16.5,78.6,0
2,10.4,3.8,5,62.2,102.5,0
3,12.1,4.9,1,16.0,120.4,1
4,12.9,5.4,0,99.6,135.8,1
5,18.0,9.6,0,87.2,202.9,1
6,21.0,12.8,0,19.2,169.5,2
7,21.0,12.8,0,52.8,174.7,2
8,23.2,14.0,0,32.3,211.4,2
9,20.1,12.5,0,105.8,132.1,3
10,14.7,8.5,0,155.4,98.0,3
11,11.0,4.5,1,99.5,74.9,3
12,9.0,4.6,5,73.9,50.0,0
1,7.1,1.8,9,75.2,87.0,0
2,9.2,2.8,5,69.6,92.3,0
3,9.5,3.8,3,95.3,78.2,1
4,12.8,5.4,0,66.5,138.5,1
5,18.8,9.1,0,26.0,228.0,1
6,20.8,11.3,0,39.1,248.0,2
7,24.3,14.5,0,35.2,229.1,2
8,23.5,14.5,0,79.0,210.9,2
9,18.1,10.8,0,59.6,143.3,3
10,17.6,11.3,0,108.2,109.9,3
11,11.3,4.4,3,33.8,88.3,3
12,7.3,1.4,11,17.8,93.3,0
1,9.5,3.5,6,51.0,53.4,0
2,11.3,4.8,2,64.0,91.4,0
3,12.4,5.1,2,37.6,111.3,1
4,15.7,6.1,0,38.4,220.5,1
5,17.3,9.4,0,66.4,192.2,1
6,20.1,11.6,0,74.2,191.5,2
7,22.3,13.5,0,67.2,193.9,2
8,23.3,14.7,0,36.3,190.4,2
9,20.3,11.5,0,20.0,178.2,3
10,15.3,8.4,0,61.6,109.2,3
11,12.4,7.0,0,151.0,66.1,3
12,9.0,5.2,0,119.0,34.1,0
1,8.0,2.3,10,73.6,93.6,0
2,8.4,1.8,10,20.8,101.2,0
3,13.6,4.4,0,16.4,176.9,1
4,15.7,6.3,3,30.0,198.0,1
5,18.2,9.0,0,39.1,205.5,1
6,23.3,13.3,0,47.6,245.5,2
7,24.2,14.7,0,28.8,213.9,2
8,26.4,15.7,0,10.4,255.3,2
9,21.9,10.8,0,8.4,206.7,3
10,14.5,6.4,0,35.2,160.7,3
11,12.6,6.7,1,113.8,88.2,3
12,8.8,3.2,3,51.4,58.0,0
1,8.8,3.1,8,71.9,64.0,0
2,8.7,3.8,7,26.2,65.3,0
3,10.8,3.9,3,29.5,102.7,1
4,14.9,6.3,0,68.8,155.0,1
5,18.2,9.5,0,45.0,208.2,1
6,22.1,12.6,0,40.4,236.0,2
7,22.7,13.3,0,37.6,201.5,2
8,23.8,15.1,0,107.8,213.3,2
9,20.8,12.5,0,18.8,182.7,3
10,15.3,9.1,0,96.6,101.2,3
11,11.2,6.2,2,29.6,60.8,3
12,8.8,2.9,5,46.4,48.2,0
1,9.5,3.8,1,21.6,72.1,0
2,7.3,2.5,7,19.7,62.4,0
3,11.5,4.5,7,43.6,96.7,1
4,14.6,6.2,1,30.0,153.0,1
5,17.7,8.5,0,19.8,228.3,1
6,22.8,12.9,0,32.6,219.3,2
7,23.3,14.1,0,45.8,202.5,2
8,23.2,13.0,0,42.4,250.4,2
9,21.4,12.7,0,47.5,143.9#,3
10,17.8,11.3,0,73.4,89.9#,3
11,10.7,3.5,8,29.2,93.3#,3
12,8.2,1.9,8,44.4,65.7#,0
1,7.6,2.9,6,16.8,51.4#,0
2,7.2,1.7,5,41.2,62.9#,0
3,9.4,2.8,10,44.6,91.2#,1
4,14.1,6.0,0,33.4,132.3#,1
5,18.0,9.8,0,91.6,128.2#,1
6,23.7,12.9,0,11.8,225.3#,2
7,28.2,16.7,0,23.6,266.4#,2
8,22.2,13.5,0,68.8,140.2#,2
9,22.7,14.5,0,78.2,153.9#,3
10,17.8,11.2,0,64.4,106.3#,3
11,12.7,5.4,2,98.0,97.0#,3
12,9.7,4.5,5,63.6,41.2#,0
1,10.5,5.1,2,56.0,56.6#,0
2,9.9,3.9,5,92.9,59.3#,0
3,12.5,4.4,2,43.8,164.7#,1
4,18.9,7.7,0,3.6,224.6#,1
5,17.9,9.7,0,80.0,149.6#,1
6,21.2,12.6,0,63.8,139.7#,2
7,21.4,13.1,0,115.2,159.9#,2
8,21.5,12.9,0,41.0,192.6#,2
9,19.9,11.4,0,17.4,141.1#,3
10,15.4,8.5,0,37.8,98.4#,3
11,11.4,4.6,3,84.8,81.3#,3
12,8.9,3.1,9,44.6,61.4#,0
1,10.4,4.7,0,69.0,60.2#,0
2,11.0,2.0,7,15.4,130.0#,0
3,10.6,3.7,2,69.8,85.7#,1
4,13.7,5.2,2,63.4,140.3#,1
5,19.8,10.5,0,64.2,162.6#,1
6,20.8,11.9,0,45.6,201.9#,2
7,22.8,13.7,0,76.8,172.5#,2
8,21.5,14.2,0,64.4,104.3#,2
9,18.5,11.2,0,43.0,110.7#,3
10,15.0,6.8,1,45.0,134.4#,3
11,10.7,5.2,2,58.8,42.2#,3
12,7.3,1.7,11,41.2,65.1#,0
1,6.8,0.3,13,72.4,63.2#,0
2,7.8,2.1,10,69.6,59.2#,0
3,12.9,3.7,2,30.0,158.5#,1
4,16.1,7.2,0,28.0,172.8#,1
5,19.1,9.4,0,29.8,193.9#,1
6,22.4,12.2,0,34.0,192.8#,2
7,23.0,13.7,0,71.4,155.8#,2
8,23.9,14.1,0,39.6,167.6#,2
9,20.5,12.0,0,36.0,137.3#,3
10,16.3,9.3,0,39.4,84.7#,3
11,12.6,7.4,0,148.0,62.4#,3
12,7.0,1.3,12,84.6,60.3#,0
1,4.5,-0.3,15,51.8,51.3#,0
2,6.9,1.7,8,100.4,46.7#,0
3,11.1,3.7,4,39.8,106.4#,1
4,15.8,5.6,0,23.2,201.7#,1
5,17.3,7.7,0,20.6,170.4#,1
6,23.5,12.1,0,12.4,220.1#,2
7,25.0,15.1,0,18.0,161.8#,2
8,21.6,13.2,0,88.6,110.9#,2
9,19.4,11.2,0,38.2,128.7#,3
10,15.2,8.3,1,74.8,104.0#,3
11,9.1,4.0,7,32.2,50.0#,3
12,3.9,-1.5,21,21.4,18.5#,0
1,7.4,2.8,8,76.8,35.6#,0
2,10.2,4.8,1,42.8,36.2#,0
3,12.3,3.8,4,14.6,126.4#,1
4,19.7,8.6,0,2.4,218.0#,1
5,19.4,9.4,0,24.6,218.0#,1
6,20.7,11.0,0,84.0,173.5#,2
7,21.7,12.6,0,49.8,173.6#,2
8,21.8,13.4,0,68.8,144.1#,2
9,21.3,12.4,0,35.0,161.2#,3
10,18.1,10.1,0,18.4,140.4#,3
11,13.6,7.3,0,29.0,52.5#,3
12,9.9,3.8,4,63.0,60.6#,0
1,9.8,3.4,7,34.4,68.5#,0
2,8.0,1.3,12,16.8,84.9#,0
3,14.7,4.7,0,16.2,180.3#,1
4,13.3,4.9,1,98.4,141.7#,1
5,18.2,9.7,0,25.4,166.6#,1
6,19.4,11.6,0,110.8,118.5#,2
7,21.3,13.2,0,71.8,161.6#,2
8,23.5,14.3,0,36.4,182.6#,2
9,20.0,10.3,0,41.2,178.9#,3
10,14.2,8.0,0,88.4,85.6#,3
11,11.0,4.6,1,71.8,75.4#,3
12,9.0,2.6,10,95.8,58.0#,0
1,6.5,2.0,13,50.1,34.5#,0
2,6.7,1.2,4,32.8,64.9#,0
3,6.9,1.2,11,52.8,62.3#,1
4,13.5,4.7,3,34.0,162.8#,1
5,16.4,7.7,0,41.8,163.3#,1
6,20.3,11.2,0,11.6,157.5#,2
7,27.0,15.2,0,25.2,268.2#,2
8,24.3,14.3,0,32.6,198.7#,2
9,19.7,11.1,0,49.6,118.9#,3
10,17.0,10.6,0,81.4,89.6#,3
11,10.4,4.7,1,50.0,80.4#,3
12,10.2,3.5,3,98.2,51.3#,0
1,10.0,3.8,1,162.4,68.3#,0
2,10.6,4.4,0,89.8,91.7#,0
3,14.1,4.4,1,27.8,161.4#,1
4,16.1,7.5,0,58.0,156.9#,1
5,18.0,9.8,0,84.6,178.8#,1
6,22.1,12.5,0,40.8,220.2#,2
7,25.8,15.0,0,50.0,246.4#,2
8,21.7,12.7,0,97.6,183.6#,2
9,21.5,12.8,0,10.8,134.6#,3
10,17.6,11.0,0,76.0,103.8#,3
11,12.5,6.9,1,128.4,51.1#,3
12,9.2,3.0,7,37.8,71.6#,0
1,8.8,1.6,10,63.4,62.0#,0
2,8.0,1.8,8,38.6,63.9#,0
3,11.6,4.1,1,24.0,140.7#,1
4,16.3,6.0,0,16.2,212.1#,1
5,17.6,8.8,0,41.6,189.0#,1
6,22.2,11.4,0,12.2,197.0#,2
7,23.7,13.8,0,71.8,189.7#,2
8,22.2,14.1,0,116.8,134.1#,2
9,18.6,10.2,0,50.0,162.3#,3
10,15.8,9.3,0,39.8,94.2#,3
11,13.4,8.0,2,48.2,27.7#,3
12,13.7,8.9,0,39.4,35.0#,0
1,9.5,3.0,5,74.8,54.8#,0
2,9.4,2.9,5,43.8,86.8#,0
3,10.7,3.2,3,72.8,123.3#,1
4,13.5,4.9,0,47.2,170.0#,1
5,19.0,9.7,0,60.4,192.7#,1
6,20.7,12.7,0,93.4,101.7#,2
7,24.0,14.5,0,16.0,182.8#,2
8,24.7,14.6,0,21.6,201.4#,2
9,22.4,13.7,0,42.2,122.1#,3
10,15.9,8.7,0,21.6,105.6#,3
11,10.5,3.8,3,86.4,77.4#,3
12,10.2,3.4,7,10.4,55.1#,0
1,7.6,0.7,15,60.2,64.5#,0
2,10.0,4.4,1,38.2,47.8#,0
3,14.1,6.6,0,25.8,116.3#,1
4,15.8,5.9,0,4.6,186.2#,1
5,19.8,10.4,0,64.8,164.8#,1
6,24.0,13.9,0,46.4,204.3#,2
7,23.8,14.9,0,90.0,178.0#,2
8,22.0,13.5,0,58.6,174.9#,2
9,19.2,11.0,0,59.0,120.1#,3
10,17.1,10.3,0,9.2,84.6#,3
11,11.1,4.5,2,34.2,66.7#,3
12,8.7,2.9,7,81.2,43.8#,0
1,9.7,3.8,1,58.0,46.5#,0
2,6.7,0.6,12,29.0,92.0#,0
3,9.8,3.0,6,81.2,70.3#,1
4,15.5,7.9,0,65.2,113.4#,1
5,20.8,9.8,0,58.4,248.3#,1
6,24.2,13.1,0,0.4,234.5#,2
7,28.3,16.4,0,14.8,272.5#,2
8,24.5,14.5,0,48.2,182.1#,2
9,20.9,11.0,0,29.4,195.0#,3
10,16.5,8.5,1,61.0,137.0#,3
11,12.2,5.8,1,73.8,72.9#,3
12,10.7,5.2,2,60.6,40.3#,0
1,7.6,2.0,9,33.2,56.4#,0
2,12.4,3.3,3,34.2,120.2#,0
3,13.1,5.8,0,49.6,119.0#,1
4,15.8,5.7,1,12.8,170.1#,1
5,18.6,8.4,0,36.0,176.3#,1
6,21.8,11.9,0,81.8,170.1#,2
7,25.5,14.9,0,50.8,194.5#,2
8,25.2,14.1,0,33.6,201.2#,2
9,21.2,11.8,0,63.0,156.8#,3
10,15.5,8.6,0,92.8,74.0#,3
11,10.3,4.3,3,74.8,51.3#,3
12,10.2,4.0,3,89.6,56.2#,0
1,10.1,4.7,4,47.6,50.3#,0
2,11.1,4.3,1,99.8,62.0#,0
3,12.0,3.9,1,42.8,148.0#,1
4,18.2,6.5,1,38.2,235.4#,1
5,21.1,9.1,0,2.0,308.6#,1
6,22.5,12.6,0,54.0,174.9#,2
7,23.8,13.4,0,35.2,171.2#,2
8,25.6,15.6,0,58.2,161.8#,2
9,21.6,11.2,0,20.0,168.9#,3
10,15.1,8.8,0,142.2,51.6#,3
11,12.7,6.2,2,50.2,44.6#,3
12,8.5,3.5,7,72.4,36.5#,0
1,7.0,1.3,12,96.6,29.4#,0
2,9.1,3.1,7,36.4,57.9#,0
3,12.1,4.1,1,24.6,91.4#,1
4,13.1,2.9,5,7.2,202.6#,1
5,16.5,7.2,0,84.6,131.9#,1
6,22.5,13.3,0,88.2,159.6#,2
7,24.2,14.9,0,61.2,171.1#,2
8,21.9,13.4,0,42.2,95.6#,2
9,22.3,13.3,0,52.4,124.0#,3
10,16.9,9.7,0,87.6,84.2#,3
11,11.4,4.5,3,10.2,67.8#,3
12,10.1,5.3,3,71.2,21.1#,0
1,8.9,1.9,9,17.2,67.1#,0
2,11.3,4.0,3,49.6,78.4#,0
3,13.2,4.9,1,31.4,157.2#,1
4,16.1,5.7,1,16.4,167.2#,1
5,20.2,10.1,0,34.2,155.3#,1
6,23.2,11.9,0,24.0,212.2#,2
7,27.2,15.5,0,7.6,221.1#,2
8,27.0,15.9,0,54.4,234.3#,2
9,20.2,11.8,0,86.0,119.1#,3
10,18.3,10.4,0,81.4,132.8#,3
11,13.2,7.6,0,123.8,69.9#,3
12,7.9,1.7,11,51.6,56.4#,0
1,9.0,2.5,10,59.0,68.2#,0
2,10.8,3.4,6,4.2,81.3#,0
3,11.5,5.2,1,92.4,60.2#,1
4,14.6,5.9,0,65.8,151.1#,1
5,18.6,9.3,0,38.4,196.6#,1
6,25.3,13.5,0,56.8,250.2#,2
7,22.9,14.0,0,61.4,150.1#,2
8,23.0,13.8,0,53.0,171.1#,2
9,24.4,14.7,0,59.4,167.9#,3
10,18.1,10.2,0,116.8,112.9#,3
11,11.8,5.4,3,78.4,74.9#,3
12,10.9,5.9,3,76.4,21.0#,0
1,8.4,2.5,8,50.6,71.4#,0
2,12.2,6.0,2,100.4,48.6#,0
3,13.1,5.9,0,85.0,94.9#,1
4,15.0,7.2,0,68.6,126.3#,1
5,19.6,10.6,0,54.4,164.2#,1
6,22.0,11.1,0,12.4,205.7#,2
7,23.5,13.8,0,83.6,178.2#,2
8,24.5,14.6,0,28.4,188.6#,2
9,20.1,11.9,0,114.8,121.9#,3
10,16.4,9.4,0,57.2,80.6#,3
11,11.2,6.0,4,62.2,52.7#,3
12,9.9,5.2,0,27.2,20.5#,0
