"","rep","omega","F score (V1)","F score (V2)","F score (V3)","F score","Relevance (V1)","Relevance (V2)","Relevance (V3)","Relevance","Recovery (V1)","Recovery (V2)","Recovery (V3)","Recovery","BiS-E (V1)","BiS-E (V2)","BiS-E (V3)","BiS-E","BiS-M (V1)","BiS-M (V2)","BiS-M (V3)","BiS-M","BiS-C (V1)","BiS-C (V2)","BiS-C (V3)","BiS-C","k"
"1","1","none","0.50329821324172","0.50329821324172","0.50329821324172","0.50329821324172","0.609014698116529","0.609014698116529","0.609014698116529","0.609014698116529","0.428854955113536","0.428854955113536","0.428854955113536","0.428854955113536","0.132267686439298","0.0945212401369119","0.122833196075068","0.116540707550426","0.0453460482531424","0.0258573702609746","0.0377521012696822","0.0363185065945997","0.147984651427386","0.102944091795167","0.134413909970551","0.128447551064368","4"
"2","1","0","0.50329821324172","0.50329821324172","0.50329821324172","0.50329821324172","0.609014698116529","0.609014698116529","0.609014698116529","0.609014698116529","0.428854955113536","0.428854955113536","0.428854955113536","0.428854955113536","0.132267686439298","0.0945212401369119","0.122833196075068","0.116540707550426","0.0453460482531424","0.0258573702609746","0.0377521012696822","0.0363185065945997","0.147984651427386","0.102944091795167","0.134413909970551","0.128447551064368","4"
"3","1","0.05","0.50329821324172","0.50329821324172","0.50329821324172","0.50329821324172","0.609014698116529","0.609014698116529","0.609014698116529","0.609014698116529","0.428854955113536","0.428854955113536","0.428854955113536","0.428854955113536","0.132267686439298","0.0945212401369119","0.122833196075068","0.116540707550426","0.0453460482531424","0.0258573702609746","0.0377521012696822","0.0363185065945997","0.147984651427386","0.102944091795167","0.134413909970551","0.128447551064368","4"
"4","1","0.1","0.50329821324172","0.50329821324172","0.50329821324172","0.50329821324172","0.609014698116529","0.609014698116529","0.609014698116529","0.609014698116529","0.428854955113536","0.428854955113536","0.428854955113536","0.428854955113536","0.132267686439298","0.0945212401369119","0.122833196075068","0.116540707550426","0.0453460482531424","0.0258573702609746","0.0377521012696822","0.0363185065945997","0.147984651427386","0.102944091795167","0.134413909970551","0.128447551064368","4"
"5","1","0.15","0.50329821324172","0.50329821324172","0.50329821324172","0.50329821324172","0.609014698116529","0.609014698116529","0.609014698116529","0.609014698116529","0.428854955113536","0.428854955113536","0.428854955113536","0.428854955113536","0.132267686439298","0.0945212401369119","0.122833196075068","0.116540707550426","0.0453460482531424","0.0258573702609746","0.0377521012696822","0.0363185065945997","0.147984651427386","0.102944091795167","0.134413909970551","0.128447551064368","4"
"6","1","0.2","0.50329821324172","0.50329821324172","0.50329821324172","0.50329821324172","0.609014698116529","0.609014698116529","0.609014698116529","0.609014698116529","0.428854955113536","0.428854955113536","0.428854955113536","0.428854955113536","0.132267686439298","0.0945212401369119","0.122833196075068","0.116540707550426","0.0453460482531424","0.0258573702609746","0.0377521012696822","0.0363185065945997","0.147984651427386","0.102944091795167","0.134413909970551","0.128447551064368","4"
"7","1","0.25","0.451041058028033","0.451041058028033","0.451041058028033","0.451041058028033","0.821767001114827","0.821767001114827","0.821767001114827","0.821767001114827","0.310820000602609","0.310820000602609","0.310820000602609","0.310820000602609","-0.119021735728719","-0.155684131673782","-0.10943416678995","-0.12804667806415","0.00241648591965765","-0.00908371208904619","0.000662992651117512","-0.00200141117275701","-0.252345233432333","-0.270836072774461","-0.204455736085507","-0.2425456807641","2"
"8","1","0.3","0.451041058028033","0.451041058028033","0.451041058028033","0.451041058028033","0.821767001114827","0.821767001114827","0.821767001114827","0.821767001114827","0.310820000602609","0.310820000602609","0.310820000602609","0.310820000602609","-0.124676644220075","-0.144089474202479","-0.137472861018715","-0.13541299314709","0.00978279285603332","-0.0104423153628455","-0.00609682425225704","-0.00225211558635642","-0.209803420118724","-0.254394807282986","-0.25763772099333","-0.240611982798346","2"
"9","1","0.35","0.451041058028033","0.451041058028033","0.451041058028033","0.451041058028033","0.821767001114827","0.821767001114827","0.821767001114827","0.821767001114827","0.310820000602609","0.310820000602609","0.310820000602609","0.310820000602609","-0.14050975089236","-0.168793431048899","-0.125041804447162","-0.144781662129474","0.0037527340020127","-0.0111569602669695","-0.00814394454922278","-0.00518272360472651","-0.250270002830686","-0.280193056274838","-0.245050319388706","-0.258504459498077","2"
"10","1","0.4","0.30057376983491","0.451041058028033","0.451041058028033","0.400885295296992","0.855072463768116","0.821767001114827","0.821767001114827","0.832868821999257","0.18233372080054","0.310820000602609","0.310820000602609","0.267991240668586","0.0804224550187107","-0.161893098529745","-0.121160800588402","-0.0675438146998122","0.0329985590273056","-0.0122735839814665","-0.00425502543810285","0.00548998320257874","0.0765820670345318","-0.270399653095047","-0.222281829728779","-0.138699805263098","2"
"11","1","0.45","0","0","0","0","0","0","0","0","0","0","0","0","0","0","0","0","0","0","0","0","0","0","0","0","0"
"12","1","0.5","0","0","0","0","0","0","0","0","0","0","0","0","0","0","0","0","0","0","0","0","0","0","0","0","0"
"13","1","0.55","0","0","0","0","0","0","0","0","0","0","0","0","0","0","0","0","0","0","0","0","0","0","0","0","0"
"14","1","0.6","0","0","0","0","0","0","0","0","0","0","0","0","0","0","0","0","0","0","0","0","0","0","0","0","0"
"15","1","0.65","0","0","0","0","0","0","0","0","0","0","0","0","0","0","0","0","0","0","0","0","0","0","0","0","0"
"16","1","0.7","0","0","0","0","0","0","0","0","0","0","0","0","0","0","0","0","0","0","0","0","0","0","0","0","0"
"17","1","0.75","0","0","0","0","0","0","0","0","0","0","0","0","0","0","0","0","0","0","0","0","0","0","0","0","0"
"18","1","0.8","0","0","0","0","0","0","0","0","0","0","0","0","0","0","0","0","0","0","0","0","0","0","0","0","0"
"19","1","0.85","0","0","0","0","0","0","0","0","0","0","0","0","0","0","0","0","0","0","0","0","0","0","0","0","0"
"20","1","0.9","0","0","0","0","0","0","0","0","0","0","0","0","0","0","0","0","0","0","0","0","0","0","0","0","0"
"21","1","0.95","0","0","0","0","0","0","0","0","0","0","0","0","0","0","0","0","0","0","0","0","0","0","0","0","0"
"22","1","1","0","0","0","0","0","0","0","0","0","0","0","0","0","0","0","0","0","0","0","0","0","0","0","0","0"
"23","2","none","0.50329821324172","0.50329821324172","0.50329821324172","0.50329821324172","0.609014698116529","0.609014698116529","0.609014698116529","0.609014698116529","0.428854955113536","0.428854955113536","0.428854955113536","0.428854955113536","0.132572081645613","0.0927589019243871","0.12128784484336","0.11553960947112","0.0454201658120964","0.0258426176609129","0.0366797377521633","0.0359808404083909","0.148370055101558","0.10163169730799","0.132496899760174","0.127499550723241","4"
"24","2","0","0.50329821324172","0.50329821324172","0.50329821324172","0.50329821324172","0.609014698116529","0.609014698116529","0.609014698116529","0.609014698116529","0.428854955113536","0.428854955113536","0.428854955113536","0.428854955113536","0.132572081645613","0.0927589019243871","0.12128784484336","0.11553960947112","0.0454201658120964","0.0258426176609129","0.0366797377521633","0.0359808404083909","0.148370055101558","0.10163169730799","0.132496899760174","0.127499550723241","4"
"25","2","0.05","0.50329821324172","0.50329821324172","0.50329821324172","0.50329821324172","0.609014698116529","0.609014698116529","0.609014698116529","0.609014698116529","0.428854955113536","0.428854955113536","0.428854955113536","0.428854955113536","0.132572081645613","0.0927589019243871","0.12128784484336","0.11553960947112","0.0454201658120964","0.0258426176609129","0.0366797377521633","0.0359808404083909","0.148370055101558","0.10163169730799","0.132496899760174","0.127499550723241","4"
"26","2","0.1","0.50329821324172","0.50329821324172","0.50329821324172","0.50329821324172","0.609014698116529","0.609014698116529","0.609014698116529","0.609014698116529","0.428854955113536","0.428854955113536","0.428854955113536","0.428854955113536","0.132572081645613","0.0927589019243871","0.12128784484336","0.11553960947112","0.0454201658120964","0.0258426176609129","0.0366797377521633","0.0359808404083909","0.148370055101558","0.10163169730799","0.132496899760174","0.127499550723241","4"
"27","2","0.15","0.50329821324172","0.50329821324172","0.50329821324172","0.50329821324172","0.609014698116529","0.609014698116529","0.609014698116529","0.609014698116529","0.428854955113536","0.428854955113536","0.428854955113536","0.428854955113536","0.132572081645613","0.0927589019243871","0.12128784484336","0.11553960947112","0.0454201658120964","0.0258426176609129","0.0366797377521633","0.0359808404083909","0.148370055101558","0.10163169730799","0.132496899760174","0.127499550723241","4"
"28","2","0.2","0.50329821324172","0.50329821324172","0.50329821324172","0.50329821324172","0.609014698116529","0.609014698116529","0.609014698116529","0.609014698116529","0.428854955113536","0.428854955113536","0.428854955113536","0.428854955113536","0.132572081645613","0.0927589019243871","0.12128784484336","0.11553960947112","0.0454201658120964","0.0258426176609129","0.0366797377521633","0.0359808404083909","0.148370055101558","0.10163169730799","0.132496899760174","0.127499550723241","4"
"29","2","0.25","0.50329821324172","0.434591245203683","0.518060786856581","0.485316748433995","0.609014698116529","0.70573940425199","0.6541248606466","0.656292987671706","0.428854955113536","0.31396465469066","0.428854955113536","0.390558188305911","0.132572081645613","0.0826802654820319","-0.109166258057269","0.0353620296901254","0.0454201658120964","0.0277191553621309","0.00557171013629519","0.0262370104368408","0.148370055101558","0.0845685291155745","-0.22576730723768","0.00239042565981751","4"
"30","2","0.3","0.451041058028033","0.451041058028033","0.518060786856581","0.473380967637549","0.821767001114827","0.821767001114827","0.6541248606466","0.765886287625418","0.310820000602609","0.310820000602609","0.428854955113536","0.350164985439585","-0.121949464671948","-0.164188276014388","-0.100703033842086","-0.128946924842808","0.00322821354260999","-0.0111195411815693","0.00204205173768198","-0.00194975863375912","-0.203132971731078","-0.281329346630252","-0.229183050085084","-0.237881789482138","3"
"31","2","0.35","0.451041058028033","0.451041058028033","0.451041058028033","0.451041058028033","0.821767001114827","0.821767001114827","0.821767001114827","0.821767001114827","0.310820000602609","0.310820000602609","0.310820000602609","0.310820000602609","-0.114656163870676","-0.146569852754573","-0.114726619440518","-0.125317545355256","0.00123469272146294","-0.00510480254126868","-0.00247836714121148","-0.00211615898700574","-0.205438958463342","-0.266591297521516","-0.211193175744249","-0.227741143909702","2"
"32","2","0.4","0.451041058028033","0.451041058028033","0.30057376983491","0.400885295296992","0.821767001114827","0.821767001114827","0.855072463768116","0.832868821999257","0.310820000602609","0.310820000602609","0.18233372080054","0.267991240668586","-0.11951376117066","-0.155580872796632","0.0792675431559371","-0.0652756969371182","0.00780823076227442","-0.00800314255544187","0.0321297109023277","0.0106449330363867","-0.228500262500125","-0.262671874999648","0.0695294281112922","-0.14054756979616","2"
"33","2","0.45","0.451041058028033","0.451041058028033","0.30057376983491","0.400885295296992","0.821767001114827","0.821767001114827","0.855072463768116","0.832868821999257","0.310820000602609","0.310820000602609","0.18233372080054","0.267991240668586","-0.109837453813974","-0.16249059424674","0.0792675431559371","-0.0643535016349255","-0.000970526338410777","-0.0134799192584254","0.0321297109023277","0.00589308843516384","-0.244197587535791","-0.282042393780956","0.0695294281112922","-0.152236851068485","2"
"34","2","0.5","0.30057376983491","0.30057376983491","0.30057376983491","0.30057376983491","0.855072463768116","0.855072463768116","0.855072463768116","0.855072463768116","0.18233372080054","0.18233372080054","0.18233372080054","0.18233372080054","0.0803792714935635","0.00812299460498478","0.0792675431559371","0.0559232697514951","0.0328668483758481","0.013502661354261","0.0321297109023277","0.0261664068774789","0.0764226981380104","-0.0107696282237541","0.0695294281112922","0.0450608326751828","1"
"35","2","0.55","0","0","0","0","0","0","0","0","0","0","0","0","0","0","0","0","0","0","0","0","0","0","0","0","0"
"36","2","0.6","0","0","0","0","0","0","0","0","0","0","0","0","0","0","0","0","0","0","0","0","0","0","0","0","0"
"37","2","0.65","0","0","0","0","0","0","0","0","0","0","0","0","0","0","0","0","0","0","0","0","0","0","0","0","0"
"38","2","0.7","0","0","0","0","0","0","0","0","0","0","0","0","0","0","0","0","0","0","0","0","0","0","0","0","0"
"39","2","0.75","0","0","0","0","0","0","0","0","0","0","0","0","0","0","0","0","0","0","0","0","0","0","0","0","0"
"40","2","0.8","0","0","0","0","0","0","0","0","0","0","0","0","0","0","0","0","0","0","0","0","0","0","0","0","0"
"41","2","0.85","0","0","0","0","0","0","0","0","0","0","0","0","0","0","0","0","0","0","0","0","0","0","0","0","0"
"42","2","0.9","0","0","0","0","0","0","0","0","0","0","0","0","0","0","0","0","0","0","0","0","0","0","0","0","0"
"43","2","0.95","0","0","0","0","0","0","0","0","0","0","0","0","0","0","0","0","0","0","0","0","0","0","0","0","0"
"44","2","1","0","0","0","0","0","0","0","0","0","0","0","0","0","0","0","0","0","0","0","0","0","0","0","0","0"
"45","3","none","0.50329821324172","0.50329821324172","0.50329821324172","0.50329821324172","0.609014698116529","0.609014698116529","0.609014698116529","0.609014698116529","0.428854955113536","0.428854955113536","0.428854955113536","0.428854955113536","0.132178524158865","0.0923847856981454","0.121337686953873","0.115300332270295","0.0453074433870137","0.025468527892873","0.0367797545074343","0.0358519085957736","0.147871706442714","0.102090657083448","0.132703156351182","0.127555173292448","4"
"46","3","0","0.50329821324172","0.50329821324172","0.50329821324172","0.50329821324172","0.609014698116529","0.609014698116529","0.609014698116529","0.609014698116529","0.428854955113536","0.428854955113536","0.428854955113536","0.428854955113536","0.132178524158865","0.0923847856981454","0.121337686953873","0.115300332270295","0.0453074433870137","0.025468527892873","0.0367797545074343","0.0358519085957736","0.147871706442714","0.102090657083448","0.132703156351182","0.127555173292448","4"
"47","3","0.05","0.50329821324172","0.50329821324172","0.50329821324172","0.50329821324172","0.609014698116529","0.609014698116529","0.609014698116529","0.609014698116529","0.428854955113536","0.428854955113536","0.428854955113536","0.428854955113536","0.132178524158865","0.0923847856981454","0.121337686953873","0.115300332270295","0.0453074433870137","0.025468527892873","0.0367797545074343","0.0358519085957736","0.147871706442714","0.102090657083448","0.132703156351182","0.127555173292448","4"
"48","3","0.1","0.50329821324172","0.50329821324172","0.50329821324172","0.50329821324172","0.609014698116529","0.609014698116529","0.609014698116529","0.609014698116529","0.428854955113536","0.428854955113536","0.428854955113536","0.428854955113536","0.132178524158865","0.0923847856981454","0.121337686953873","0.115300332270295","0.0453074433870137","0.025468527892873","0.0367797545074343","0.0358519085957736","0.147871706442714","0.102090657083448","0.132703156351182","0.127555173292448","4"
"49","3","0.15","0.50329821324172","0.50329821324172","0.50329821324172","0.50329821324172","0.609014698116529","0.609014698116529","0.609014698116529","0.609014698116529","0.428854955113536","0.428854955113536","0.428854955113536","0.428854955113536","0.132178524158865","0.0923847856981454","0.121337686953873","0.115300332270295","0.0453074433870137","0.025468527892873","0.0367797545074343","0.0358519085957736","0.147871706442714","0.102090657083448","0.132703156351182","0.127555173292448","4"
"50","3","0.2","0.50329821324172","0.50329821324172","0.50329821324172","0.50329821324172","0.609014698116529","0.609014698116529","0.609014698116529","0.609014698116529","0.428854955113536","0.428854955113536","0.428854955113536","0.428854955113536","0.132178524158865","0.0923847856981454","0.121337686953873","0.115300332270295","0.0453074433870137","0.025468527892873","0.0367797545074343","0.0358519085957736","0.147871706442714","0.102090657083448","0.132703156351182","0.127555173292448","4"
"51","3","0.25","0.518060786856581","0.518060786856581","0.518060786856581","0.518060786856581","0.6541248606466","0.6541248606466","0.6541248606466","0.6541248606466","0.428854955113536","0.428854955113536","0.428854955113536","0.428854955113536","-0.107351395354397","-0.147943041816766","-0.0969619180752352","-0.117418785082133","0.0130520357734019","-0.000658763935781858","0.00920813844523007","0.00720047009428337","-0.195724077585914","-0.27897403180453","-0.200876855391698","-0.225191654927381","3"
"52","3","0.3","0.518060786856581","0.451041058028033","0.518060786856581","0.495720877247065","0.6541248606466","0.821767001114827","0.6541248606466","0.710005574136009","0.428854955113536","0.310820000602609","0.428854955113536","0.389509970276561","-0.121307664291781","-0.161084193154227","-0.12264776503418","-0.135013207493396","0.0108286110828221","-0.0102229201364526","0.00176704153888852","0.000790910828419349","-0.229044424054111","-0.244394585451302","-0.222331887923673","-0.231923632476362","3"
"53","3","0.35","0.30057376983491","0.451041058028033","0.30057376983491","0.350729532565951","0.855072463768116","0.821767001114827","0.855072463768116","0.843970642883686","0.18233372080054","0.310820000602609","0.18233372080054","0.225162480734563","0.0796474132528112","-0.15825183230505","0.0785171963974077","-2.90742182770809e-05","0.0326678130004933","-0.0118221702382411","0.0315959724881733","0.0174805384168085","0.0757184470916182","-0.270600225944167","0.0687455208268418","-0.0420454193419023","2"
"54","3","0.4","0.30057376983491","0.451041058028033","0.30057376983491","0.350729532565951","0.855072463768116","0.821767001114827","0.855072463768116","0.843970642883686","0.18233372080054","0.310820000602609","0.18233372080054","0.225162480734563","0.0796474132528112","-0.162415539630826","0.0785171963974077","-0.00141697666020219","0.0326678130004933","-0.0107850710779204","0.0315959724881733","0.0178262381369154","0.0757184470916182","-0.287507300998442","0.0687455208268418","-0.0476811110266607","2"
"55","3","0.45","0","0.225274725274725","0","0.0750915750915751","0","0.788461538461538","0","0.262820512820513","0","0.131410256410256","0","0.0438034188034188","0","-0.0031574191152705","0","-0.0010524730384235","0","-0.0051162349183856","0","-0.00170541163946187","0","-0.02144530209476","0","-0.00714843403158665","1"
"56","3","0.5","0","0","0","0","0","0","0","0","0","0","0","0","0","0","0","0","0","0","0","0","0","0","0","0","0"
"57","3","0.55","0","0","0","0","0","0","0","0","0","0","0","0","0","0","0","0","0","0","0","0","0","0","0","0","0"
"58","3","0.6","0","0","0","0","0","0","0","0","0","0","0","0","0","0","0","0","0","0","0","0","0","0","0","0","0"
"59","3","0.65","0","0","0","0","0","0","0","0","0","0","0","0","0","0","0","0","0","0","0","0","0","0","0","0","0"
"60","3","0.7","0","0","0","0","0","0","0","0","0","0","0","0","0","0","0","0","0","0","0","0","0","0","0","0","0"
"61","3","0.75","0","0","0","0","0","0","0","0","0","0","0","0","0","0","0","0","0","0","0","0","0","0","0","0","0"
"62","3","0.8","0","0","0","0","0","0","0","0","0","0","0","0","0","0","0","0","0","0","0","0","0","0","0","0","0"
"63","3","0.85","0","0","0","0","0","0","0","0","0","0","0","0","0","0","0","0","0","0","0","0","0","0","0","0","0"
"64","3","0.9","0","0","0","0","0","0","0","0","0","0","0","0","0","0","0","0","0","0","0","0","0","0","0","0","0"
"65","3","0.95","0","0","0","0","0","0","0","0","0","0","0","0","0","0","0","0","0","0","0","0","0","0","0","0","0"
"66","3","1","0","0","0","0","0","0","0","0","0","0","0","0","0","0","0","0","0","0","0","0","0","0","0","0","0"
"67","4","none","0.480994921287762","0.480994921287762","0.480994921287762","0.480994921287762","0.544188920067235","0.544188920067235","0.544188920067235","0.544188920067235","0.430950720956105","0.430950720956105","0.430950720956105","0.430950720956105","0.122211852465866","0.088387850788398","0.11069048071821","0.107096727990825","0.0405800824130998","0.0223532118705604","0.0309607547916793","0.0312980163584465","0.142458051586814","0.100119854147362","0.127516134132973","0.123364679955716","5"
"68","4","0","0.480994921287762","0.480994921287762","0.480994921287762","0.480994921287762","0.544188920067235","0.544188920067235","0.544188920067235","0.544188920067235","0.430950720956105","0.430950720956105","0.430950720956105","0.430950720956105","0.122211852465866","0.088387850788398","0.11069048071821","0.107096727990825","0.0405800824130998","0.0223532118705604","0.0309607547916793","0.0312980163584465","0.142458051586814","0.100119854147362","0.127516134132973","0.123364679955716","5"
"69","4","0.05","0.480994921287762","0.480994921287762","0.480994921287762","0.480994921287762","0.544188920067235","0.544188920067235","0.544188920067235","0.544188920067235","0.430950720956105","0.430950720956105","0.430950720956105","0.430950720956105","0.122211852465866","0.088387850788398","0.11069048071821","0.107096727990825","0.0405800824130998","0.0223532118705604","0.0309607547916793","0.0312980163584465","0.142458051586814","0.100119854147362","0.127516134132973","0.123364679955716","5"
"70","4","0.1","0.480994921287762","0.480994921287762","0.480994921287762","0.480994921287762","0.544188920067235","0.544188920067235","0.544188920067235","0.544188920067235","0.430950720956105","0.430950720956105","0.430950720956105","0.430950720956105","0.122211852465866","0.088387850788398","0.11069048071821","0.107096727990825","0.0405800824130998","0.0223532118705604","0.0309607547916793","0.0312980163584465","0.142458051586814","0.100119854147362","0.127516134132973","0.123364679955716","5"
"71","4","0.15","0.480994921287762","0.480994921287762","0.480994921287762","0.480994921287762","0.544188920067235","0.544188920067235","0.544188920067235","0.544188920067235","0.430950720956105","0.430950720956105","0.430950720956105","0.430950720956105","0.122211852465866","0.088387850788398","0.11069048071821","0.107096727990825","0.0405800824130998","0.0223532118705604","0.0309607547916793","0.0312980163584465","0.142458051586814","0.100119854147362","0.127516134132973","0.123364679955716","5"
"72","4","0.2","0.480994921287762","0.480994921287762","0.480994921287762","0.480994921287762","0.544188920067235","0.544188920067235","0.544188920067235","0.544188920067235","0.430950720956105","0.430950720956105","0.430950720956105","0.430950720956105","0.122211852465866","0.088387850788398","0.11069048071821","0.107096727990825","0.0405800824130998","0.0223532118705604","0.0309607547916793","0.0312980163584465","0.142458051586814","0.100119854147362","0.127516134132973","0.123364679955716","5"
"73","4","0.25","0.489403439102484","0.489403439102484","0.489403439102484","0.489403439102484","0.566201062364745","0.566201062364745","0.566201062364745","0.566201062364745","0.430950720956105","0.430950720956105","0.430950720956105","0.430950720956105","0.125343929247601","0.0908269328032105","0.122274245861758","0.112815035970857","0.0446862203917667","0.0216684868737845","0.0347101139627668","0.0336882737427726","0.150939578331542","0.104299168169713","0.140842897110802","0.132027214537352","4"
"74","4","0.3","0.489403439102484","0.423123986902737","0.489403439102484","0.467310288369235","0.566201062364745","0.648654556582945","0.566201062364745","0.593685560437479","0.430950720956105","0.313962447836687","0.430950720956105","0.391954629916299","0.125343929247601","0.0806400677394298","0.122274245861758","0.10941941428293","0.0446862203917667","0.0215030388751618","0.0347101139627668","0.0336331244098984","0.150939578331542","0.0900872653906509","0.140842897110802","0.127289913610998","4"
"75","4","0.35","0.520904230802046","0.301743796146485","0.452267093291483","0.424971706746671","0.658316392331738","0.867647058823529","0.828054298642534","0.784672583265934","0.430950720956105","0.182628480715415","0.311088884618296","0.308222695429939","-0.101836898977457","0.0122652851748777","-0.119506138613222","-0.0696925841386006","0.0159543428428776","0.0129107364567776","0.000773471674368381","0.0098795169913412","-0.200336380511178","-0.00411011753242691","-0.210054088251692","-0.138166862098432","3"
"76","4","0.4","0.452267093291483","0.301743796146485","0.301743796146485","0.351918228528151","0.828054298642534","0.867647058823529","0.867647058823529","0.854449472096531","0.311088884618296","0.182628480715415","0.182628480715415","0.225448615349709","-0.104711822552791","0.0122652851748777","0.0787556357113572","-0.00456363388885218","0.00915412015006653","0.0129107364567776","0.0345178029009151","0.0188608865025864","-0.215482344451287","-0.00411011753242691","0.0729929450940644","-0.0488665056298831","2"
"77","4","0.45","0.301743796146485","0.301743796146485","0.301743796146485","0.301743796146485","0.867647058823529","0.867647058823529","0.867647058823529","0.867647058823529","0.182628480715415","0.182628480715415","0.182628480715415","0.182628480715415","0.103073846186575","0.0122652851748777","0.0787556357113572","0.0646982556909367","0.0361350918151507","0.0129107364567776","0.0345178029009151","0.0278545437242811","0.111003380812902","-0.00411011753242691","0.0729929450940644","0.0599620694581798","1"
"78","4","0.5","0","0","0","0","0","0","0","0","0","0","0","0","0","0","0","0","0","0","0","0","0","0","0","0","0"
"79","4","0.55","0","0","0","0","0","0","0","0","0","0","0","0","0","0","0","0","0","0","0","0","0","0","0","0","0"
"80","4","0.6","0","0","0","0","0","0","0","0","0","0","0","0","0","0","0","0","0","0","0","0","0","0","0","0","0"
"81","4","0.65","0","0","0","0","0","0","0","0","0","0","0","0","0","0","0","0","0","0","0","0","0","0","0","0","0"
"82","4","0.7","0","0","0","0","0","0","0","0","0","0","0","0","0","0","0","0","0","0","0","0","0","0","0","0","0"
"83","4","0.75","0","0","0","0","0","0","0","0","0","0","0","0","0","0","0","0","0","0","0","0","0","0","0","0","0"
"84","4","0.8","0","0","0","0","0","0","0","0","0","0","0","0","0","0","0","0","0","0","0","0","0","0","0","0","0"
"85","4","0.85","0","0","0","0","0","0","0","0","0","0","0","0","0","0","0","0","0","0","0","0","0","0","0","0","0"
"86","4","0.9","0","0","0","0","0","0","0","0","0","0","0","0","0","0","0","0","0","0","0","0","0","0","0","0","0"
"87","4","0.95","0","0","0","0","0","0","0","0","0","0","0","0","0","0","0","0","0","0","0","0","0","0","0","0","0"
"88","4","1","0","0","0","0","0","0","0","0","0","0","0","0","0","0","0","0","0","0","0","0","0","0","0","0","0"
"89","5","none","0.478462630756434","0.478462630756434","0.478462630756434","0.478462630756434","0.542824353821796","0.542824353821796","0.542824353821796","0.542824353821796","0.427745592750977","0.427745592750977","0.427745592750977","0.427745592750977","0.121743022701193","0.0880992007268727","0.116135601098266","0.108659274842111","0.0391122788611334","0.0213205485819565","0.0326961286132334","0.0310429853521078","0.141418204705089","0.100533800146562","0.133716874191824","0.125222959681158","5"
"90","5","0","0.478462630756434","0.478462630756434","0.478462630756434","0.478462630756434","0.542824353821796","0.542824353821796","0.542824353821796","0.542824353821796","0.427745592750977","0.427745592750977","0.427745592750977","0.427745592750977","0.121743022701193","0.0880992007268727","0.116135601098266","0.108659274842111","0.0391122788611334","0.0213205485819565","0.0326961286132334","0.0310429853521078","0.141418204705089","0.100533800146562","0.133716874191824","0.125222959681158","5"
"91","5","0.05","0.478462630756434","0.478462630756434","0.478462630756434","0.478462630756434","0.542824353821796","0.542824353821796","0.542824353821796","0.542824353821796","0.427745592750977","0.427745592750977","0.427745592750977","0.427745592750977","0.121743022701193","0.0880992007268727","0.116135601098266","0.108659274842111","0.0391122788611334","0.0213205485819565","0.0326961286132334","0.0310429853521078","0.141418204705089","0.100533800146562","0.133716874191824","0.125222959681158","5"
"92","5","0.1","0.478462630756434","0.478462630756434","0.478462630756434","0.478462630756434","0.542824353821796","0.542824353821796","0.542824353821796","0.542824353821796","0.427745592750977","0.427745592750977","0.427745592750977","0.427745592750977","0.121743022701193","0.0880992007268727","0.116135601098266","0.108659274842111","0.0391122788611334","0.0213205485819565","0.0326961286132334","0.0310429853521078","0.141418204705089","0.100533800146562","0.133716874191824","0.125222959681158","5"
"93","5","0.15","0.478462630756434","0.478462630756434","0.478462630756434","0.478462630756434","0.542824353821796","0.542824353821796","0.542824353821796","0.542824353821796","0.427745592750977","0.427745592750977","0.427745592750977","0.427745592750977","0.121743022701193","0.0880992007268727","0.116135601098266","0.108659274842111","0.0391122788611334","0.0213205485819565","0.0326961286132334","0.0310429853521078","0.141418204705089","0.100533800146562","0.133716874191824","0.125222959681158","5"
"94","5","0.2","0.485938689129341","0.478462630756434","0.478462630756434","0.48095465021407","0.562459013705817","0.542824353821796","0.542824353821796","0.549369240449803","0.427745592750977","0.427745592750977","0.427745592750977","0.427745592750977","0.129347923906727","0.0880992007268727","0.116135601098266","0.111194241910622","0.0430304748065671","0.0213205485819565","0.0326961286132334","0.0323490506672523","0.152488402955327","0.100533800146562","0.133716874191824","0.128913025764571","5"
"95","5","0.25","0.516555420831137","0.447445574627178","0.447445574627178","0.470482190028498","0.651906135921481","0.818438914027149","0.818438914027149","0.762927987991927","0.427745592750977","0.307883756413168","0.307883756413168","0.347837701859104","-0.0980439911489254","-0.140660099882731","-0.106320308490945","-0.115008133174201","0.00846904930086713","-0.0118449711045285","-0.00348465579995464","-0.00228685920120533","-0.194656054267476","-0.295005476746527","-0.236923541398031","-0.242195024137345","3"
"96","5","0.3","0.447445574627178","0.447445574627178","0.447445574627178","0.447445574627178","0.818438914027149","0.818438914027149","0.818438914027149","0.818438914027149","0.307883756413168","0.307883756413168","0.307883756413168","0.307883756413168","-0.102084162368098","-0.156436090011659","-0.108474899919236","-0.122331717432998","0.00581113875085157","-0.00989991104170963","-0.000615671630559198","-0.00156814797380575","-0.189927188493238","-0.263199213032086","-0.212918542801968","-0.22201498144243","2"
"97","5","0.35","0.447445574627178","0.447445574627178","0.447445574627178","0.447445574627178","0.818438914027149","0.818438914027149","0.818438914027149","0.818438914027149","0.307883756413168","0.307883756413168","0.307883756413168","0.307883756413168","-0.108524927633333","-0.159761940784719","-0.108844198568395","-0.125710355662149","0.00257730738131169","-0.00336432200457949","0.00340108767985645","0.000871357685529549","-0.213534925258541","-0.278932217110174","-0.219025991620132","-0.237164377996282","2"
"98","5","0.4","0.447445574627178","0.21978021978022","0.301743796146485","0.322989863517961","0.818438914027149","0.769230769230769","0.867647058823529","0.818438914027149","0.307883756413168","0.128205128205128","0.182628480715415","0.206239121777904","-0.121735869327371","0.00520683299690902","0.0837073705705831","-0.0109405552532931","0.00489512197926116","-0.00422870911445046","0.035195496237405","0.0119539697007386","-0.213615346990686","-0.0116156649372184","0.0783170295914783","-0.0489713274454755","2"
"99","5","0.45","0","0","0","0","0","0","0","0","0","0","0","0","0","0","0","0","0","0","0","0","0","0","0","0","0"
"100","5","0.5","0","0","0","0","0","0","0","0","0","0","0","0","0","0","0","0","0","0","0","0","0","0","0","0","0"
"101","5","0.55","0","0","0","0","0","0","0","0","0","0","0","0","0","0","0","0","0","0","0","0","0","0","0","0","0"
"102","5","0.6","0","0","0","0","0","0","0","0","0","0","0","0","0","0","0","0","0","0","0","0","0","0","0","0","0"
"103","5","0.65","0","0","0","0","0","0","0","0","0","0","0","0","0","0","0","0","0","0","0","0","0","0","0","0","0"
"104","5","0.7","0","0","0","0","0","0","0","0","0","0","0","0","0","0","0","0","0","0","0","0","0","0","0","0","0"
"105","5","0.75","0","0","0","0","0","0","0","0","0","0","0","0","0","0","0","0","0","0","0","0","0","0","0","0","0"
"106","5","0.8","0","0","0","0","0","0","0","0","0","0","0","0","0","0","0","0","0","0","0","0","0","0","0","0","0"
"107","5","0.85","0","0","0","0","0","0","0","0","0","0","0","0","0","0","0","0","0","0","0","0","0","0","0","0","0"
"108","5","0.9","0","0","0","0","0","0","0","0","0","0","0","0","0","0","0","0","0","0","0","0","0","0","0","0","0"
"109","5","0.95","0","0","0","0","0","0","0","0","0","0","0","0","0","0","0","0","0","0","0","0","0","0","0","0","0"
"110","5","1","0","0","0","0","0","0","0","0","0","0","0","0","0","0","0","0","0","0","0","0","0","0","0","0","0"
